"","x"
"1","N0.HOG0003291"
"2","N0.HOG0008105"
"3","N0.HOG0011633"
"4","N0.HOG0019298"
"5","N0.HOG0006526"
"6","N0.HOG0011575"
"7","N0.HOG0019332"
"8","N0.HOG0011639"
"9","N0.HOG0008085"
"10","N0.HOG0011635"
"11","N0.HOG0011614"
"12","N0.HOG0006320"
"13","N0.HOG0015655"
"14","N0.HOG0001365"
"15","N0.HOG0011625"
"16","N0.HOG0004530"
"17","N0.HOG0011596"
"18","N0.HOG0006518"
"19","N0.HOG0019296"
"20","N0.HOG0006318"
"21","N0.HOG0011640"
"22","N0.HOG0016132"
"23","N0.HOG0004540"
"24","N0.HOG0019316"
"25","N0.HOG0002201"
"26","N0.HOG0015468"
"27","N0.HOG0006575"
"28","N0.HOG0019565"
"29","N0.HOG0019553"
"30","N0.HOG0003358"
"31","N0.HOG0016924"
"32","N0.HOG0008762"
"33","N0.HOG0016667"
"34","N0.HOG0012717"
"35","N0.HOG0006585"
"36","N0.HOG0012484"
"37","N0.HOG0001649"
"38","N0.HOG0016517"
"39","N0.HOG0012631"
"40","N0.HOG0016564"
"41","N0.HOG0016563"
"42","N0.HOG0008842"
"43","N0.HOG0021651"
"44","N0.HOG0002439"
"45","N0.HOG0012286"
"46","N0.HOG0008599"
"47","N0.HOG0000730"
"48","N0.HOG0012648"
"49","N0.HOG0008741"
"50","N0.HOG0006578"
"51","N0.HOG0004658"
"52","N0.HOG0016699"
"53","N0.HOG0012405"
"54","N0.HOG0008833"
"55","N0.HOG0003471"
"56","N0.HOG0002805"
"57","N0.HOG0012258"
"58","N0.HOG0008869"
"59","N0.HOG0012300"
"60","N0.HOG0004704"
"61","N0.HOG0004665"
"62","N0.HOG0011480"
"63","N0.HOG0004666"
"64","N0.HOG0012806"
"65","N0.HOG0001780"
"66","N0.HOG0005436"
"67","N0.HOG0006291"
"68","N0.HOG0000957"
"69","N0.HOG0006471"
"70","N0.HOG0016874"
"71","N0.HOG0003966"
"72","N0.HOG0005406"
"73","N0.HOG0008544"
"74","N0.HOG0019631"
"75","N0.HOG0012946"
"76","N0.HOG0008722"
"77","N0.HOG0003468"
"78","N0.HOG0006627"
"79","N0.HOG0002858"
"80","N0.HOG0003398"
"81","N0.HOG0003961"
"82","N0.HOG0004030"
"83","N0.HOG0002899"
"84","N0.HOG0001800"
"85","N0.HOG0003430"
"86","N0.HOG0008744"
"87","N0.HOG0012666"
"88","N0.HOG0002437"
"89","N0.HOG0000897"
"90","N0.HOG0012824"
"91","N0.HOG0005217"
"92","N0.HOG0002430"
"93","N0.HOG0016508"
"94","N0.HOG0007319"
"95","N0.HOG0019628"
"96","N0.HOG0002064"
"97","N0.HOG0008850"
"98","N0.HOG0012517"
"99","N0.HOG0005413"
"100","N0.HOG0012357"
"101","N0.HOG0012437"
"102","N0.HOG0008821"
"103","N0.HOG0016885"
"104","N0.HOG0003467"
"105","N0.HOG0002413"
"106","N0.HOG0008885"
"107","N0.HOG0016773"
"108","N0.HOG0008527"
"109","N0.HOG0006504"
"110","N0.HOG0012413"
"111","N0.HOG0016916"
"112","N0.HOG0002881"
"113","N0.HOG0005478"
"114","N0.HOG0012604"
"115","N0.HOG0008706"
"116","N0.HOG0008749"
"117","N0.HOG0019593"
"118","N0.HOG0012291"
"119","N0.HOG0019682"
"120","N0.HOG0016798"
"121","N0.HOG0005263"
"122","N0.HOG0012458"
"123","N0.HOG0008822"
"124","N0.HOG0012499"
"125","N0.HOG0001693"
"126","N0.HOG0016749"
"127","N0.HOG0012658"
"128","N0.HOG0008689"
"129","N0.HOG0012447"
"130","N0.HOG0016549"
"131","N0.HOG0006531"
"132","N0.HOG0012971"
"133","N0.HOG0012967"
"134","N0.HOG0006576"
"135","N0.HOG0021745"
"136","N0.HOG0008795"
"137","N0.HOG0002869"
"138","N0.HOG0008554"
"139","N0.HOG0012542"
"140","N0.HOG0000904"
"141","N0.HOG0016889"
"142","N0.HOG0012335"
"143","N0.HOG0012952"
"144","N0.HOG0005388"
"145","N0.HOG0004696"
"146","N0.HOG0008810"
"147","N0.HOG0019543"
"148","N0.HOG0004702"
"149","N0.HOG0008723"
"150","N0.HOG0005377"
"151","N0.HOG0008610"
"152","N0.HOG0016657"
"153","N0.HOG0003427"
"154","N0.HOG0005453"
"155","N0.HOG0016796"
"156","N0.HOG0008612"
"157","N0.HOG0016662"
"158","N0.HOG0012832"
"159","N0.HOG0016701"
"160","N0.HOG0002056"
"161","N0.HOG0019505"
"162","N0.HOG0000814"
"163","N0.HOG0005410"
"164","N0.HOG0016813"
"165","N0.HOG0004013"
"166","N0.HOG0002051"
"167","N0.HOG0016515"
"168","N0.HOG0006619"
"169","N0.HOG0000052"
"170","N0.HOG0008573"
"171","N0.HOG0006629"
"172","N0.HOG0012916"
"173","N0.HOG0008684"
"174","N0.HOG0016707"
"175","N0.HOG0004683"
"176","N0.HOG0002920"
"177","N0.HOG0016904"
"178","N0.HOG0016619"
"179","N0.HOG0012176"
"180","N0.HOG0003421"
"181","N0.HOG0008707"
"182","N0.HOG0008634"
"183","N0.HOG0005486"
"184","N0.HOG0005416"
"185","N0.HOG0012475"
"186","N0.HOG0001785"
"187","N0.HOG0003463"
"188","N0.HOG0004019"
"189","N0.HOG0016483"
"190","N0.HOG0002890"
"191","N0.HOG0012845"
"192","N0.HOG0016631"
"193","N0.HOG0005485"
"194","N0.HOG0008568"
"195","N0.HOG0000971"
"196","N0.HOG0008487"
"197","N0.HOG0012538"
"198","N0.HOG0002445"
"199","N0.HOG0003377"
"200","N0.HOG0008425"
"201","N0.HOG0012972"
"202","N0.HOG0008489"
"203","N0.HOG0012743"
"204","N0.HOG0016593"
"205","N0.HOG0001564"
"206","N0.HOG0008546"
"207","N0.HOG0005397"
"208","N0.HOG0012173"
"209","N0.HOG0012197"
"210","N0.HOG0008849"
"211","N0.HOG0012491"
"212","N0.HOG0008830"
"213","N0.HOG0016733"
"214","N0.HOG0004660"
"215","N0.HOG0004685"
"216","N0.HOG0008622"
"217","N0.HOG0006633"
"218","N0.HOG0016700"
"219","N0.HOG0019731"
"220","N0.HOG0012409"
"221","N0.HOG0008428"
"222","N0.HOG0004505"
"223","N0.HOG0012646"
"224","N0.HOG0000803"
"225","N0.HOG0008444"
"226","N0.HOG0002422"
"227","N0.HOG0016612"
"228","N0.HOG0012548"
"229","N0.HOG0019564"
"230","N0.HOG0002872"
"231","N0.HOG0008557"
"232","N0.HOG0008823"
"233","N0.HOG0016731"
"234","N0.HOG0008565"
"235","N0.HOG0019713"
"236","N0.HOG0012945"
"237","N0.HOG0001753"
"238","N0.HOG0008820"
"239","N0.HOG0002024"
"240","N0.HOG0003414"
"241","N0.HOG0002233"
"242","N0.HOG0008877"
"243","N0.HOG0012812"
"244","N0.HOG0012419"
"245","N0.HOG0016892"
"246","N0.HOG0008787"
"247","N0.HOG0002897"
"248","N0.HOG0016642"
"249","N0.HOG0011195"
"250","N0.HOG0008595"
"251","N0.HOG0016193"
"252","N0.HOG0012559"
"253","N0.HOG0001739"
"254","N0.HOG0005386"
"255","N0.HOG0008668"
"256","N0.HOG0012698"
"257","N0.HOG0008828"
"258","N0.HOG0008758"
"259","N0.HOG0012821"
"260","N0.HOG0006499"
"261","N0.HOG0005434"
"262","N0.HOG0002040"
"263","N0.HOG0019587"
"264","N0.HOG0004646"
"265","N0.HOG0008520"
"266","N0.HOG0012398"
"267","N0.HOG0006646"
"268","N0.HOG0016494"
"269","N0.HOG0012641"
"270","N0.HOG0000265"
"271","N0.HOG0019573"
"272","N0.HOG0006561"
"273","N0.HOG0012802"
"274","N0.HOG0002879"
"275","N0.HOG0016627"
"276","N0.HOG0012388"
"277","N0.HOG0004656"
"278","N0.HOG0006590"
"279","N0.HOG0008508"
"280","N0.HOG0008824"
"281","N0.HOG0012700"
"282","N0.HOG0005396"
"283","N0.HOG0005419"
"284","N0.HOG0006618"
"285","N0.HOG0008814"
"286","N0.HOG0012912"
"287","N0.HOG0005470"
"288","N0.HOG0004698"
"289","N0.HOG0003931"
"290","N0.HOG0004544"
"291","N0.HOG0003380"
"292","N0.HOG0008424"
"293","N0.HOG0006517"
"294","N0.HOG0006115"
"295","N0.HOG0012256"
"296","N0.HOG0008892"
"297","N0.HOG0003434"
"298","N0.HOG0006625"
"299","N0.HOG0012820"
"300","N0.HOG0012938"
"301","N0.HOG0016728"
"302","N0.HOG0004021"
"303","N0.HOG0006344"
"304","N0.HOG0003989"
"305","N0.HOG0012259"
"306","N0.HOG0012420"
"307","N0.HOG0016822"
"308","N0.HOG0012275"
"309","N0.HOG0016838"
"310","N0.HOG0012804"
"311","N0.HOG0016719"
"312","N0.HOG0016633"
"313","N0.HOG0012918"
"314","N0.HOG0012313"
"315","N0.HOG0012378"
"316","N0.HOG0008579"
"317","N0.HOG0008709"
"318","N0.HOG0012433"
"319","N0.HOG0006487"
"320","N0.HOG0016654"
"321","N0.HOG0012201"
"322","N0.HOG0012562"
"323","N0.HOG0008798"
"324","N0.HOG0016830"
"325","N0.HOG0011049"
"326","N0.HOG0011050"
"327","N0.HOG0008467"
"328","N0.HOG0003946"
"329","N0.HOG0012885"
"330","N0.HOG0003448"
"331","N0.HOG0006632"
"332","N0.HOG0008667"
"333","N0.HOG0005423"
"334","N0.HOG0008556"
"335","N0.HOG0008592"
"336","N0.HOG0008874"
"337","N0.HOG0001070"
"338","N0.HOG0012387"
"339","N0.HOG0012485"
"340","N0.HOG0003302"
"341","N0.HOG0001568"
"342","N0.HOG0002856"
"343","N0.HOG0002408"
"344","N0.HOG0012892"
"345","N0.HOG0016556"
"346","N0.HOG0016595"
"347","N0.HOG0008503"
"348","N0.HOG0000280"
"349","N0.HOG0002035"
"350","N0.HOG0003986"
"351","N0.HOG0012749"
"352","N0.HOG0006580"
"353","N0.HOG0008429"
"354","N0.HOG0002909"
"355","N0.HOG0004659"
"356","N0.HOG0003970"
"357","N0.HOG0008658"
"358","N0.HOG0012537"
"359","N0.HOG0008757"
"360","N0.HOG0012920"
"361","N0.HOG0003991"
"362","N0.HOG0012790"
"363","N0.HOG0019510"
"364","N0.HOG0008809"
"365","N0.HOG0012822"
"366","N0.HOG0012590"
"367","N0.HOG0016674"
"368","N0.HOG0001797"
"369","N0.HOG0012450"
"370","N0.HOG0003994"
"371","N0.HOG0016655"
"372","N0.HOG0012468"
"373","N0.HOG0012239"
"374","N0.HOG0005375"
"375","N0.HOG0006522"
"376","N0.HOG0012898"
"377","N0.HOG0001025"
"378","N0.HOG0008498"
"379","N0.HOG0008783"
"380","N0.HOG0012331"
"381","N0.HOG0012963"
"382","N0.HOG0000398"
"383","N0.HOG0012503"
"384","N0.HOG0002446"
"385","N0.HOG0012630"
"386","N0.HOG0006548"
"387","N0.HOG0016683"
"388","N0.HOG0016539"
"389","N0.HOG0012228"
"390","N0.HOG0003406"
"391","N0.HOG0012183"
"392","N0.HOG0000290"
"393","N0.HOG0012939"
"394","N0.HOG0002604"
"395","N0.HOG0005392"
"396","N0.HOG0012903"
"397","N0.HOG0008541"
"398","N0.HOG0012339"
"399","N0.HOG0019598"
"400","N0.HOG0006486"
"401","N0.HOG0019719"
"402","N0.HOG0016534"
"403","N0.HOG0008777"
"404","N0.HOG0012965"
"405","N0.HOG0008645"
"406","N0.HOG0016831"
"407","N0.HOG0012901"
"408","N0.HOG0003389"
"409","N0.HOG0016551"
"410","N0.HOG0012718"
"411","N0.HOG0001140"
"412","N0.HOG0002859"
"413","N0.HOG0012493"
"414","N0.HOG0012429"
"415","N0.HOG0012880"
"416","N0.HOG0019513"
"417","N0.HOG0002868"
"418","N0.HOG0002884"
"419","N0.HOG0012730"
"420","N0.HOG0012369"
"421","N0.HOG0016608"
"422","N0.HOG0016873"
"423","N0.HOG0019578"
"424","N0.HOG0002435"
"425","N0.HOG0006598"
"426","N0.HOG0012483"
"427","N0.HOG0012309"
"428","N0.HOG0012540"
"429","N0.HOG0012752"
"430","N0.HOG0016774"
"431","N0.HOG0012616"
"432","N0.HOG0012729"
"433","N0.HOG0016756"
"434","N0.HOG0012823"
"435","N0.HOG0004697"
"436","N0.HOG0002443"
"437","N0.HOG0008495"
"438","N0.HOG0008765"
"439","N0.HOG0012792"
"440","N0.HOG0008803"
"441","N0.HOG0003948"
"442","N0.HOG0016710"
"443","N0.HOG0019615"
"444","N0.HOG0005418"
"445","N0.HOG0008760"
"446","N0.HOG0012317"
"447","N0.HOG0019610"
"448","N0.HOG0008549"
"449","N0.HOG0019616"
"450","N0.HOG0012423"
"451","N0.HOG0016588"
"452","N0.HOG0008711"
"453","N0.HOG0002926"
"454","N0.HOG0005476"
"455","N0.HOG0012204"
"456","N0.HOG0012569"
"457","N0.HOG0016500"
"458","N0.HOG0016634"
"459","N0.HOG0002077"
"460","N0.HOG0008808"
"461","N0.HOG0008509"
"462","N0.HOG0004014"
"463","N0.HOG0012297"
"464","N0.HOG0012416"
"465","N0.HOG0012566"
"466","N0.HOG0012908"
"467","N0.HOG0019515"
"468","N0.HOG0008561"
"469","N0.HOG0012203"
"470","N0.HOG0016550"
"471","N0.HOG0008476"
"472","N0.HOG0003470"
"473","N0.HOG0016797"
"474","N0.HOG0008883"
"475","N0.HOG0012320"
"476","N0.HOG0008797"
"477","N0.HOG0008819"
"478","N0.HOG0019508"
"479","N0.HOG0012350"
"480","N0.HOG0012269"
"481","N0.HOG0012358"
"482","N0.HOG0012564"
"483","N0.HOG0012348"
"484","N0.HOG0012625"
"485","N0.HOG0019590"
"486","N0.HOG0006549"
"487","N0.HOG0001787"
"488","N0.HOG0016197"
"489","N0.HOG0008559"
"490","N0.HOG0003378"
"491","N0.HOG0012460"
"492","N0.HOG0012465"
"493","N0.HOG0012708"
"494","N0.HOG0012760"
"495","N0.HOG0003984"
"496","N0.HOG0019660"
"497","N0.HOG0008751"
"498","N0.HOG0004630"
"499","N0.HOG0008676"
"500","N0.HOG0008866"
"501","N0.HOG0008560"
"502","N0.HOG0008507"
"503","N0.HOG0016555"
"504","N0.HOG0003203"
"505","N0.HOG0008710"
"506","N0.HOG0006467"
"507","N0.HOG0012391"
"508","N0.HOG0008451"
"509","N0.HOG0006634"
"510","N0.HOG0007316"
"511","N0.HOG0019697"
"512","N0.HOG0016640"
"513","N0.HOG0004632"
"514","N0.HOG0004650"
"515","N0.HOG0012668"
"516","N0.HOG0008030"
"517","N0.HOG0012921"
"518","N0.HOG0012877"
"519","N0.HOG0008818"
"520","N0.HOG0016745"
"521","N0.HOG0002449"
"522","N0.HOG0012940"
"523","N0.HOG0008479"
"524","N0.HOG0012344"
"525","N0.HOG0004687"
"526","N0.HOG0012343"
"527","N0.HOG0012351"
"528","N0.HOG0006317"
"529","N0.HOG0005409"
"530","N0.HOG0008598"
"531","N0.HOG0008607"
"532","N0.HOG0006588"
"533","N0.HOG0012288"
"534","N0.HOG0008562"
"535","N0.HOG0000900"
"536","N0.HOG0006653"
"537","N0.HOG0008529"
"538","N0.HOG0019652"
"539","N0.HOG0006613"
"540","N0.HOG0008647"
"541","N0.HOG0012917"
"542","N0.HOG0012349"
"543","N0.HOG0008530"
"544","N0.HOG0008740"
"545","N0.HOG0006591"
"546","N0.HOG0016566"
"547","N0.HOG0008455"
"548","N0.HOG0005472"
"549","N0.HOG0006542"
"550","N0.HOG0016698"
"551","N0.HOG0008720"
"552","N0.HOG0012866"
"553","N0.HOG0012815"
"554","N0.HOG0012218"
"555","N0.HOG0012684"
"556","N0.HOG0012818"
"557","N0.HOG0008694"
"558","N0.HOG0008589"
"559","N0.HOG0002892"
"560","N0.HOG0012728"
"561","N0.HOG0008513"
"562","N0.HOG0008450"
"563","N0.HOG0008571"
"564","N0.HOG0016476"
"565","N0.HOG0012270"
"566","N0.HOG0004371"
"567","N0.HOG0001156"
"568","N0.HOG0016681"
"569","N0.HOG0012928"
"570","N0.HOG0012844"
"571","N0.HOG0008466"
"572","N0.HOG0012565"
"573","N0.HOG0008436"
"574","N0.HOG0012606"
"575","N0.HOG0002038"
"576","N0.HOG0016713"
"577","N0.HOG0008817"
"578","N0.HOG0003968"
"579","N0.HOG0012220"
"580","N0.HOG0008719"
"581","N0.HOG0006477"
"582","N0.HOG0016768"
"583","N0.HOG0016565"
"584","N0.HOG0012622"
"585","N0.HOG0002906"
"586","N0.HOG0008794"
"587","N0.HOG0002883"
"588","N0.HOG0019687"
"589","N0.HOG0008664"
"590","N0.HOG0001793"
"591","N0.HOG0001776"
"592","N0.HOG0010365"
"593","N0.HOG0002896"
"594","N0.HOG0016821"
"595","N0.HOG0008518"
"596","N0.HOG0012640"
"597","N0.HOG0016909"
"598","N0.HOG0012827"
"599","N0.HOG0012667"
"600","N0.HOG0016736"
"601","N0.HOG0019672"
"602","N0.HOG0016573"
"603","N0.HOG0019612"
"604","N0.HOG0006621"
"605","N0.HOG0012279"
"606","N0.HOG0002028"
"607","N0.HOG0006620"
"608","N0.HOG0002744"
"609","N0.HOG0016585"
"610","N0.HOG0008789"
"611","N0.HOG0001788"
"612","N0.HOG0002423"
"613","N0.HOG0004705"
"614","N0.HOG0012744"
"615","N0.HOG0012710"
"616","N0.HOG0016629"
"617","N0.HOG0004695"
"618","N0.HOG0012346"
"619","N0.HOG0008505"
"620","N0.HOG0002911"
"621","N0.HOG0019574"
"622","N0.HOG0012333"
"623","N0.HOG0012870"
"624","N0.HOG0019696"
"625","N0.HOG0012774"
"626","N0.HOG0012962"
"627","N0.HOG0006554"
"628","N0.HOG0012799"
"629","N0.HOG0003988"
"630","N0.HOG0012953"
"631","N0.HOG0017119"
"632","N0.HOG0016828"
"633","N0.HOG0000684"
"634","N0.HOG0008688"
"635","N0.HOG0001684"
"636","N0.HOG0012347"
"637","N0.HOG0005469"
"638","N0.HOG0019891"
"639","N0.HOG0000237"
"640","N0.HOG0002941"
"641","N0.HOG0019859"
"642","N0.HOG0006719"
"643","N0.HOG0012772"
"644","N0.HOG0016921"
"645","N0.HOG0021856"
"646","N0.HOG0013177"
"647","N0.HOG0017180"
"648","N0.HOG0003441"
"649","N0.HOG0003375"
"650","N0.HOG0017123"
"651","N0.HOG0019875"
"652","N0.HOG0012371"
"653","N0.HOG0017144"
"654","N0.HOG0004686"
"655","N0.HOG0006733"
"656","N0.HOG0008991"
"657","N0.HOG0016742"
"658","N0.HOG0001502"
"659","N0.HOG0017114"
"660","N0.HOG0008110"
"661","N0.HOG0011330"
"662","N0.HOG0013179"
"663","N0.HOG0013137"
"664","N0.HOG0009020"
"665","N0.HOG0005515"
"666","N0.HOG0013181"
"667","N0.HOG0006730"
"668","N0.HOG0017092"
"669","N0.HOG0009013"
"670","N0.HOG0017073"
"671","N0.HOG0005511"
"672","N0.HOG0002666"
"673","N0.HOG0017087"
"674","N0.HOG0000342"
"675","N0.HOG0001072"
"676","N0.HOG0002882"
"677","N0.HOG0012588"
"678","N0.HOG0019853"
"679","N0.HOG0017118"
"680","N0.HOG0005513"
"681","N0.HOG0017110"
"682","N0.HOG0019830"
"683","N0.HOG0019647"
"684","N0.HOG0006205"
"685","N0.HOG0006734"
"686","N0.HOG0000985"
"687","N0.HOG0019883"
"688","N0.HOG0003296"
"689","N0.HOG0001790"
"690","N0.HOG0002085"
"691","N0.HOG0017078"
"692","N0.HOG0001312"
"693","N0.HOG0017152"
"694","N0.HOG0006679"
"695","N0.HOG0013171"
"696","N0.HOG0016880"
"697","N0.HOG0013173"
"698","N0.HOG0017107"
"699","N0.HOG0017104"
"700","N0.HOG0004023"
"701","N0.HOG0002905"
"702","N0.HOG0006475"
"703","N0.HOG0002876"
"704","N0.HOG0017133"
"705","N0.HOG0019887"
"706","N0.HOG0012983"
"707","N0.HOG0006707"
"708","N0.HOG0003452"
"709","N0.HOG0019897"
"710","N0.HOG0012849"
"711","N0.HOG0013185"
"712","N0.HOG0017093"
"713","N0.HOG0003487"
"714","N0.HOG0019902"
"715","N0.HOG0006727"
"716","N0.HOG0021874"
"717","N0.HOG0012190"
"718","N0.HOG0012213"
"719","N0.HOG0008437"
"720","N0.HOG0006647"
"721","N0.HOG0005343"
"722","N0.HOG0016616"
"723","N0.HOG0017021"
"724","N0.HOG0013039"
"725","N0.HOG0013195"
"726","N0.HOG0013125"
"727","N0.HOG0013156"
"728","N0.HOG0017077"
"729","N0.HOG0006716"
"730","N0.HOG0013166"
"731","N0.HOG0003293"
"732","N0.HOG0012209"
"733","N0.HOG0017105"
"734","N0.HOG0011676"
"735","N0.HOG0016537"
"736","N0.HOG0000081"
"737","N0.HOG0008976"
"738","N0.HOG0001424"
"739","N0.HOG0006328"
"740","N0.HOG0006717"
"741","N0.HOG0002948"
"742","N0.HOG0017134"
"743","N0.HOG0017164"
"744","N0.HOG0019837"
"745","N0.HOG0019826"
"746","N0.HOG0004050"
"747","N0.HOG0019888"
"748","N0.HOG0013200"
"749","N0.HOG0012887"
"750","N0.HOG0008776"
"751","N0.HOG0006710"
"752","N0.HOG0006212"
"753","N0.HOG0017143"
"754","N0.HOG0005348"
"755","N0.HOG0013124"
"756","N0.HOG0012579"
"757","N0.HOG0009009"
"758","N0.HOG0013210"
"759","N0.HOG0017094"
"760","N0.HOG0013190"
"761","N0.HOG0004008"
"762","N0.HOG0006722"
"763","N0.HOG0006533"
"764","N0.HOG0012456"
"765","N0.HOG0008805"
"766","N0.HOG0000612"
"767","N0.HOG0013212"
"768","N0.HOG0008992"
"769","N0.HOG0001435"
"770","N0.HOG0006984"
"771","N0.HOG0005730"
"772","N0.HOG0020307"
"773","N0.HOG0009821"
"774","N0.HOG0003399"
"775","N0.HOG0000778"
"776","N0.HOG0009095"
"777","N0.HOG0014282"
"778","N0.HOG0013883"
"779","N0.HOG0001801"
"780","N0.HOG0006750"
"781","N0.HOG0018066"
"782","N0.HOG0009112"
"783","N0.HOG0006305"
"784","N0.HOG0000979"
"785","N0.HOG0014740"
"786","N0.HOG0002135"
"787","N0.HOG0009653"
"788","N0.HOG0005267"
"789","N0.HOG0018019"
"790","N0.HOG0009662"
"791","N0.HOG0014392"
"792","N0.HOG0014380"
"793","N0.HOG0014680"
"794","N0.HOG0014694"
"795","N0.HOG0004200"
"796","N0.HOG0018017"
"797","N0.HOG0005224"
"798","N0.HOG0000972"
"799","N0.HOG0007041"
"800","N0.HOG0007011"
"801","N0.HOG0014363"
"802","N0.HOG0009730"
"803","N0.HOG0008051"
"804","N0.HOG0009765"
"805","N0.HOG0017934"
"806","N0.HOG0006109"
"807","N0.HOG0004808"
"808","N0.HOG0009826"
"809","N0.HOG0017854"
"810","N0.HOG0017994"
"811","N0.HOG0017949"
"812","N0.HOG0018071"
"813","N0.HOG0014604"
"814","N0.HOG0014314"
"815","N0.HOG0020384"
"816","N0.HOG0009687"
"817","N0.HOG0004906"
"818","N0.HOG0002410"
"819","N0.HOG0009835"
"820","N0.HOG0004931"
"821","N0.HOG0005604"
"822","N0.HOG0003107"
"823","N0.HOG0014756"
"824","N0.HOG0009752"
"825","N0.HOG0004512"
"826","N0.HOG0017885"
"827","N0.HOG0003369"
"828","N0.HOG0004923"
"829","N0.HOG0014486"
"830","N0.HOG0009740"
"831","N0.HOG0002428"
"832","N0.HOG0001607"
"833","N0.HOG0018046"
"834","N0.HOG0014617"
"835","N0.HOG0014271"
"836","N0.HOG0014496"
"837","N0.HOG0003031"
"838","N0.HOG0014677"
"839","N0.HOG0014732"
"840","N0.HOG0014715"
"841","N0.HOG0003595"
"842","N0.HOG0000149"
"843","N0.HOG0014254"
"844","N0.HOG0009762"
"845","N0.HOG0009832"
"846","N0.HOG0014405"
"847","N0.HOG0004103"
"848","N0.HOG0012992"
"849","N0.HOG0020367"
"850","N0.HOG0009718"
"851","N0.HOG0007577"
"852","N0.HOG0014590"
"853","N0.HOG0009812"
"854","N0.HOG0003579"
"855","N0.HOG0017883"
"856","N0.HOG0004186"
"857","N0.HOG0020303"
"858","N0.HOG0001206"
"859","N0.HOG0017926"
"860","N0.HOG0014557"
"861","N0.HOG0014478"
"862","N0.HOG0017939"
"863","N0.HOG0005726"
"864","N0.HOG0009710"
"865","N0.HOG0000154"
"866","N0.HOG0005706"
"867","N0.HOG0003026"
"868","N0.HOG0004179"
"869","N0.HOG0009715"
"870","N0.HOG0004904"
"871","N0.HOG0004916"
"872","N0.HOG0000719"
"873","N0.HOG0009754"
"874","N0.HOG0013076"
"875","N0.HOG0014287"
"876","N0.HOG0005734"
"877","N0.HOG0005717"
"878","N0.HOG0000299"
"879","N0.HOG0006327"
"880","N0.HOG0014490"
"881","N0.HOG0000802"
"882","N0.HOG0014265"
"883","N0.HOG0004174"
"884","N0.HOG0009758"
"885","N0.HOG0014609"
"886","N0.HOG0014322"
"887","N0.HOG0014293"
"888","N0.HOG0004914"
"889","N0.HOG0017983"
"890","N0.HOG0000908"
"891","N0.HOG0000682"
"892","N0.HOG0001378"
"893","N0.HOG0009557"
"894","N0.HOG0004168"
"895","N0.HOG0014534"
"896","N0.HOG0002918"
"897","N0.HOG0015576"
"898","N0.HOG0002544"
"899","N0.HOG0009890"
"900","N0.HOG0007022"
"901","N0.HOG0014466"
"902","N0.HOG0009898"
"903","N0.HOG0020285"
"904","N0.HOG0014541"
"905","N0.HOG0014688"
"906","N0.HOG0014749"
"907","N0.HOG0018012"
"908","N0.HOG0009661"
"909","N0.HOG0003592"
"910","N0.HOG0000982"
"911","N0.HOG0014591"
"912","N0.HOG0002142"
"913","N0.HOG0009674"
"914","N0.HOG0017874"
"915","N0.HOG0014527"
"916","N0.HOG0001614"
"917","N0.HOG0020363"
"918","N0.HOG0022164"
"919","N0.HOG0004201"
"920","N0.HOG0020293"
"921","N0.HOG0002505"
"922","N0.HOG0009782"
"923","N0.HOG0007696"
"924","N0.HOG0009845"
"925","N0.HOG0001852"
"926","N0.HOG0001961"
"927","N0.HOG0017891"
"928","N0.HOG0020381"
"929","N0.HOG0009780"
"930","N0.HOG0005747"
"931","N0.HOG0014586"
"932","N0.HOG0009911"
"933","N0.HOG0014345"
"934","N0.HOG0014421"
"935","N0.HOG0004883"
"936","N0.HOG0014260"
"937","N0.HOG0014455"
"938","N0.HOG0003012"
"939","N0.HOG0007052"
"940","N0.HOG0017893"
"941","N0.HOG0014326"
"942","N0.HOG0017594"
"943","N0.HOG0009909"
"944","N0.HOG0014751"
"945","N0.HOG0014576"
"946","N0.HOG0014461"
"947","N0.HOG0014656"
"948","N0.HOG0017971"
"949","N0.HOG0002136"
"950","N0.HOG0014579"
"951","N0.HOG0014425"
"952","N0.HOG0004884"
"953","N0.HOG0009880"
"954","N0.HOG0020374"
"955","N0.HOG0007027"
"956","N0.HOG0004188"
"957","N0.HOG0003556"
"958","N0.HOG0002116"
"959","N0.HOG0009810"
"960","N0.HOG0014460"
"961","N0.HOG0004184"
"962","N0.HOG0014362"
"963","N0.HOG0009808"
"964","N0.HOG0014289"
"965","N0.HOG0014310"
"966","N0.HOG0014467"
"967","N0.HOG0001270"
"968","N0.HOG0009731"
"969","N0.HOG0020330"
"970","N0.HOG0005709"
"971","N0.HOG0014718"
"972","N0.HOG0014565"
"973","N0.HOG0005746"
"974","N0.HOG0007044"
"975","N0.HOG0009891"
"976","N0.HOG0002131"
"977","N0.HOG0018032"
"978","N0.HOG0001772"
"979","N0.HOG0001843"
"980","N0.HOG0004172"
"981","N0.HOG0014488"
"982","N0.HOG0009773"
"983","N0.HOG0017965"
"984","N0.HOG0001575"
"985","N0.HOG0009790"
"986","N0.HOG0014263"
"987","N0.HOG0001307"
"988","N0.HOG0003029"
"989","N0.HOG0014375"
"990","N0.HOG0009907"
"991","N0.HOG0005742"
"992","N0.HOG0009800"
"993","N0.HOG0002126"
"994","N0.HOG0014621"
"995","N0.HOG0003898"
"996","N0.HOG0009775"
"997","N0.HOG0000413"
"998","N0.HOG0014469"
"999","N0.HOG0002535"
"1000","N0.HOG0009915"
"1001","N0.HOG0014599"
"1002","N0.HOG0002127"
"1003","N0.HOG0020281"
"1004","N0.HOG0009652"
"1005","N0.HOG0009873"
"1006","N0.HOG0014417"
"1007","N0.HOG0009838"
"1008","N0.HOG0014649"
"1009","N0.HOG0017921"
"1010","N0.HOG0006983"
"1011","N0.HOG0004448"
"1012","N0.HOG0018041"
"1013","N0.HOG0009816"
"1014","N0.HOG0014744"
"1015","N0.HOG0018050"
"1016","N0.HOG0014581"
"1017","N0.HOG0014548"
"1018","N0.HOG0001321"
"1019","N0.HOG0003573"
"1020","N0.HOG0005736"
"1021","N0.HOG0004488"
"1022","N0.HOG0014530"
"1023","N0.HOG0009792"
"1024","N0.HOG0020365"
"1025","N0.HOG0014731"
"1026","N0.HOG0014330"
"1027","N0.HOG0007050"
"1028","N0.HOG0018034"
"1029","N0.HOG0014706"
"1030","N0.HOG0004891"
"1031","N0.HOG0002529"
"1032","N0.HOG0020296"
"1033","N0.HOG0001609"
"1034","N0.HOG0001439"
"1035","N0.HOG0001617"
"1036","N0.HOG0009794"
"1037","N0.HOG0014574"
"1038","N0.HOG0004908"
"1039","N0.HOG0014291"
"1040","N0.HOG0014626"
"1041","N0.HOG0009809"
"1042","N0.HOG0009866"
"1043","N0.HOG0009711"
"1044","N0.HOG0009666"
"1045","N0.HOG0005957"
"1046","N0.HOG0009811"
"1047","N0.HOG0004901"
"1048","N0.HOG0007051"
"1049","N0.HOG0014630"
"1050","N0.HOG0020333"
"1051","N0.HOG0017894"
"1052","N0.HOG0004925"
"1053","N0.HOG0009852"
"1054","N0.HOG0002908"
"1055","N0.HOG0005721"
"1056","N0.HOG0009842"
"1057","N0.HOG0014404"
"1058","N0.HOG0014543"
"1059","N0.HOG0020385"
"1060","N0.HOG0020318"
"1061","N0.HOG0014734"
"1062","N0.HOG0020343"
"1063","N0.HOG0004898"
"1064","N0.HOG0014606"
"1065","N0.HOG0009878"
"1066","N0.HOG0014692"
"1067","N0.HOG0009728"
"1068","N0.HOG0009648"
"1069","N0.HOG0014251"
"1070","N0.HOG0009903"
"1071","N0.HOG0020342"
"1072","N0.HOG0003676"
"1073","N0.HOG0004879"
"1074","N0.HOG0009669"
"1075","N0.HOG0009876"
"1076","N0.HOG0009572"
"1077","N0.HOG0009668"
"1078","N0.HOG0004915"
"1079","N0.HOG0007016"
"1080","N0.HOG0014374"
"1081","N0.HOG0003607"
"1082","N0.HOG0003461"
"1083","N0.HOG0017859"
"1084","N0.HOG0009702"
"1085","N0.HOG0002094"
"1086","N0.HOG0018039"
"1087","N0.HOG0014569"
"1088","N0.HOG0014650"
"1089","N0.HOG0009899"
"1090","N0.HOG0014582"
"1091","N0.HOG0009677"
"1092","N0.HOG0017933"
"1093","N0.HOG0004899"
"1094","N0.HOG0014594"
"1095","N0.HOG0003453"
"1096","N0.HOG0007032"
"1097","N0.HOG0009656"
"1098","N0.HOG0014285"
"1099","N0.HOG0014367"
"1100","N0.HOG0014349"
"1101","N0.HOG0017900"
"1102","N0.HOG0014393"
"1103","N0.HOG0014739"
"1104","N0.HOG0018028"
"1105","N0.HOG0017841"
"1106","N0.HOG0009820"
"1107","N0.HOG0020279"
"1108","N0.HOG0014398"
"1109","N0.HOG0018002"
"1110","N0.HOG0009716"
"1111","N0.HOG0018077"
"1112","N0.HOG0006994"
"1113","N0.HOG0020298"
"1114","N0.HOG0014520"
"1115","N0.HOG0020287"
"1116","N0.HOG0007004"
"1117","N0.HOG0022175"
"1118","N0.HOG0014252"
"1119","N0.HOG0020325"
"1120","N0.HOG0009713"
"1121","N0.HOG0014410"
"1122","N0.HOG0002442"
"1123","N0.HOG0017979"
"1124","N0.HOG0003419"
"1125","N0.HOG0014662"
"1126","N0.HOG0009719"
"1127","N0.HOG0003409"
"1128","N0.HOG0018292"
"1129","N0.HOG0020497"
"1130","N0.HOG0009397"
"1131","N0.HOG0006316"
"1132","N0.HOG0014758"
"1133","N0.HOG0009747"
"1134","N0.HOG0017294"
"1135","N0.HOG0003790"
"1136","N0.HOG0018264"
"1137","N0.HOG0010353"
"1138","N0.HOG0005052"
"1139","N0.HOG0009693"
"1140","N0.HOG0017824"
"1141","N0.HOG0019761"
"1142","N0.HOG0002325"
"1143","N0.HOG0016960"
"1144","N0.HOG0007106"
"1145","N0.HOG0014888"
"1146","N0.HOG0004541"
"1147","N0.HOG0018235"
"1148","N0.HOG0007113"
"1149","N0.HOG0003805"
"1150","N0.HOG0006951"
"1151","N0.HOG0004142"
"1152","N0.HOG0002526"
"1153","N0.HOG0003183"
"1154","N0.HOG0014859"
"1155","N0.HOG0018290"
"1156","N0.HOG0000200"
"1157","N0.HOG0014864"
"1158","N0.HOG0014856"
"1159","N0.HOG0000461"
"1160","N0.HOG0009143"
"1161","N0.HOG0008116"
"1162","N0.HOG0018286"
"1163","N0.HOG0009649"
"1164","N0.HOG0001657"
"1165","N0.HOG0009850"
"1166","N0.HOG0001817"
"1167","N0.HOG0012989"
"1168","N0.HOG0018021"
"1169","N0.HOG0000688"
"1170","N0.HOG0013861"
"1171","N0.HOG0018314"
"1172","N0.HOG0005789"
"1173","N0.HOG0014328"
"1174","N0.HOG0014903"
"1175","N0.HOG0014886"
"1176","N0.HOG0009974"
"1177","N0.HOG0013399"
"1178","N0.HOG0013116"
"1179","N0.HOG0016927"
"1180","N0.HOG0014399"
"1181","N0.HOG0018265"
"1182","N0.HOG0020556"
"1183","N0.HOG0010359"
"1184","N0.HOG0001245"
"1185","N0.HOG0002418"
"1186","N0.HOG0014453"
"1187","N0.HOG0004224"
"1188","N0.HOG0007112"
"1189","N0.HOG0005719"
"1190","N0.HOG0000917"
"1191","N0.HOG0016196"
"1192","N0.HOG0014660"
"1193","N0.HOG0014492"
"1194","N0.HOG0018283"
"1195","N0.HOG0004945"
"1196","N0.HOG0006998"
"1197","N0.HOG0003682"
"1198","N0.HOG0018249"
"1199","N0.HOG0014862"
"1200","N0.HOG0014893"
"1201","N0.HOG0004893"
"1202","N0.HOG0014878"
"1203","N0.HOG0017850"
"1204","N0.HOG0009982"
"1205","N0.HOG0003594"
"1206","N0.HOG0005460"
"1207","N0.HOG0018300"
"1208","N0.HOG0014858"
"1209","N0.HOG0014863"
"1210","N0.HOG0014804"
"1211","N0.HOG0014803"
"1212","N0.HOG0014805"
"1213","N0.HOG0003597"
"1214","N0.HOG0008980"
"1215","N0.HOG0009968"
"1216","N0.HOG0009975"
"1217","N0.HOG0002605"
"1218","N0.HOG0010338"
"1219","N0.HOG0002049"
"1220","N0.HOG0018279"
"1221","N0.HOG0009978"
"1222","N0.HOG0018276"
"1223","N0.HOG0015444"
"1224","N0.HOG0012980"
"1225","N0.HOG0014912"
"1226","N0.HOG0002860"
"1227","N0.HOG0014870"
"1228","N0.HOG0018285"
"1229","N0.HOG0014889"
"1230","N0.HOG0001176"
"1231","N0.HOG0005560"
"1232","N0.HOG0020512"
"1233","N0.HOG0015735"
"1234","N0.HOG0010764"
"1235","N0.HOG0010489"
"1236","N0.HOG0007508"
"1237","N0.HOG0002207"
"1238","N0.HOG0010787"
"1239","N0.HOG0015644"
"1240","N0.HOG0010700"
"1241","N0.HOG0005981"
"1242","N0.HOG0005982"
"1243","N0.HOG0010548"
"1244","N0.HOG0010536"
"1245","N0.HOG0005975"
"1246","N0.HOG0003681"
"1247","N0.HOG0005093"
"1248","N0.HOG0006092"
"1249","N0.HOG0003724"
"1250","N0.HOG0010840"
"1251","N0.HOG0015813"
"1252","N0.HOG0010486"
"1253","N0.HOG0010550"
"1254","N0.HOG0001252"
"1255","N0.HOG0007565"
"1256","N0.HOG0015759"
"1257","N0.HOG0006062"
"1258","N0.HOG0007409"
"1259","N0.HOG0010711"
"1260","N0.HOG0015683"
"1261","N0.HOG0006012"
"1262","N0.HOG0010532"
"1263","N0.HOG0007556"
"1264","N0.HOG0006085"
"1265","N0.HOG0000633"
"1266","N0.HOG0007317"
"1267","N0.HOG0000362"
"1268","N0.HOG0015698"
"1269","N0.HOG0010642"
"1270","N0.HOG0010756"
"1271","N0.HOG0005171"
"1272","N0.HOG0015650"
"1273","N0.HOG0010421"
"1274","N0.HOG0010431"
"1275","N0.HOG0010847"
"1276","N0.HOG0010418"
"1277","N0.HOG0002635"
"1278","N0.HOG0005109"
"1279","N0.HOG0007733"
"1280","N0.HOG0010932"
"1281","N0.HOG0005105"
"1282","N0.HOG0010439"
"1283","N0.HOG0001913"
"1284","N0.HOG0003186"
"1285","N0.HOG0010934"
"1286","N0.HOG0007383"
"1287","N0.HOG0005134"
"1288","N0.HOG0007462"
"1289","N0.HOG0010435"
"1290","N0.HOG0015489"
"1291","N0.HOG0019026"
"1292","N0.HOG0010721"
"1293","N0.HOG0007679"
"1294","N0.HOG0004398"
"1295","N0.HOG0004342"
"1296","N0.HOG0002658"
"1297","N0.HOG0007369"
"1298","N0.HOG0010663"
"1299","N0.HOG0002639"
"1300","N0.HOG0007449"
"1301","N0.HOG0007746"
"1302","N0.HOG0010427"
"1303","N0.HOG0010720"
"1304","N0.HOG0007644"
"1305","N0.HOG0006018"
"1306","N0.HOG0007382"
"1307","N0.HOG0010638"
"1308","N0.HOG0019048"
"1309","N0.HOG0007646"
"1310","N0.HOG0007701"
"1311","N0.HOG0001241"
"1312","N0.HOG0010690"
"1313","N0.HOG0015578"
"1314","N0.HOG0005111"
"1315","N0.HOG0021317"
"1316","N0.HOG0007584"
"1317","N0.HOG0011017"
"1318","N0.HOG0021326"
"1319","N0.HOG0007605"
"1320","N0.HOG0001672"
"1321","N0.HOG0015588"
"1322","N0.HOG0007491"
"1323","N0.HOG0010655"
"1324","N0.HOG0004350"
"1325","N0.HOG0015744"
"1326","N0.HOG0007747"
"1327","N0.HOG0007580"
"1328","N0.HOG0010422"
"1329","N0.HOG0015556"
"1330","N0.HOG0010585"
"1331","N0.HOG0015670"
"1332","N0.HOG0007510"
"1333","N0.HOG0001024"
"1334","N0.HOG0002194"
"1335","N0.HOG0007489"
"1336","N0.HOG0000194"
"1337","N0.HOG0000165"
"1338","N0.HOG0007566"
"1339","N0.HOG0010501"
"1340","N0.HOG0015833"
"1341","N0.HOG0019046"
"1342","N0.HOG0010922"
"1343","N0.HOG0010669"
"1344","N0.HOG0015679"
"1345","N0.HOG0010871"
"1346","N0.HOG0007373"
"1347","N0.HOG0006057"
"1348","N0.HOG0010774"
"1349","N0.HOG0003749"
"1350","N0.HOG0001363"
"1351","N0.HOG0007579"
"1352","N0.HOG0007511"
"1353","N0.HOG0010731"
"1354","N0.HOG0007518"
"1355","N0.HOG0006096"
"1356","N0.HOG0005167"
"1357","N0.HOG0010869"
"1358","N0.HOG0005104"
"1359","N0.HOG0011038"
"1360","N0.HOG0010653"
"1361","N0.HOG0010898"
"1362","N0.HOG0007465"
"1363","N0.HOG0010558"
"1364","N0.HOG0005117"
"1365","N0.HOG0015525"
"1366","N0.HOG0002222"
"1367","N0.HOG0015623"
"1368","N0.HOG0010992"
"1369","N0.HOG0015531"
"1370","N0.HOG0007558"
"1371","N0.HOG0005987"
"1372","N0.HOG0010736"
"1373","N0.HOG0001686"
"1374","N0.HOG0015542"
"1375","N0.HOG0006064"
"1376","N0.HOG0007680"
"1377","N0.HOG0015485"
"1378","N0.HOG0007706"
"1379","N0.HOG0015752"
"1380","N0.HOG0006045"
"1381","N0.HOG0005147"
"1382","N0.HOG0001897"
"1383","N0.HOG0010749"
"1384","N0.HOG0007608"
"1385","N0.HOG0010478"
"1386","N0.HOG0005993"
"1387","N0.HOG0011036"
"1388","N0.HOG0018931"
"1389","N0.HOG0002654"
"1390","N0.HOG0010803"
"1391","N0.HOG0010705"
"1392","N0.HOG0015504"
"1393","N0.HOG0007445"
"1394","N0.HOG0005153"
"1395","N0.HOG0015762"
"1396","N0.HOG0003155"
"1397","N0.HOG0005170"
"1398","N0.HOG0010995"
"1399","N0.HOG0015512"
"1400","N0.HOG0015668"
"1401","N0.HOG0015661"
"1402","N0.HOG0003751"
"1403","N0.HOG0003747"
"1404","N0.HOG0007649"
"1405","N0.HOG0010520"
"1406","N0.HOG0010399"
"1407","N0.HOG0007662"
"1408","N0.HOG0003716"
"1409","N0.HOG0010843"
"1410","N0.HOG0010903"
"1411","N0.HOG0003719"
"1412","N0.HOG0010853"
"1413","N0.HOG0005067"
"1414","N0.HOG0019110"
"1415","N0.HOG0010586"
"1416","N0.HOG0005160"
"1417","N0.HOG0006048"
"1418","N0.HOG0007380"
"1419","N0.HOG0018977"
"1420","N0.HOG0007366"
"1421","N0.HOG0019072"
"1422","N0.HOG0007529"
"1423","N0.HOG0005127"
"1424","N0.HOG0015656"
"1425","N0.HOG0010776"
"1426","N0.HOG0015564"
"1427","N0.HOG0007417"
"1428","N0.HOG0003179"
"1429","N0.HOG0007619"
"1430","N0.HOG0000196"
"1431","N0.HOG0003189"
"1432","N0.HOG0007732"
"1433","N0.HOG0015822"
"1434","N0.HOG0006020"
"1435","N0.HOG0000460"
"1436","N0.HOG0006009"
"1437","N0.HOG0003692"
"1438","N0.HOG0011006"
"1439","N0.HOG0007764"
"1440","N0.HOG0007634"
"1441","N0.HOG0015725"
"1442","N0.HOG0010920"
"1443","N0.HOG0007682"
"1444","N0.HOG0007436"
"1445","N0.HOG0010919"
"1446","N0.HOG0010906"
"1447","N0.HOG0010441"
"1448","N0.HOG0001110"
"1449","N0.HOG0001507"
"1450","N0.HOG0007505"
"1451","N0.HOG0003142"
"1452","N0.HOG0011042"
"1453","N0.HOG0007410"
"1454","N0.HOG0003147"
"1455","N0.HOG0015580"
"1456","N0.HOG0002678"
"1457","N0.HOG0010942"
"1458","N0.HOG0000876"
"1459","N0.HOG0003118"
"1460","N0.HOG0007765"
"1461","N0.HOG0015547"
"1462","N0.HOG0007602"
"1463","N0.HOG0010989"
"1464","N0.HOG0000948"
"1465","N0.HOG0010625"
"1466","N0.HOG0002249"
"1467","N0.HOG0006111"
"1468","N0.HOG0005080"
"1469","N0.HOG0006094"
"1470","N0.HOG0000947"
"1471","N0.HOG0005157"
"1472","N0.HOG0005103"
"1473","N0.HOG0001513"
"1474","N0.HOG0002278"
"1475","N0.HOG0006073"
"1476","N0.HOG0015501"
"1477","N0.HOG0010804"
"1478","N0.HOG0004335"
"1479","N0.HOG0004332"
"1480","N0.HOG0006033"
"1481","N0.HOG0010606"
"1482","N0.HOG0010962"
"1483","N0.HOG0000717"
"1484","N0.HOG0010825"
"1485","N0.HOG0001697"
"1486","N0.HOG0007466"
"1487","N0.HOG0007420"
"1488","N0.HOG0019054"
"1489","N0.HOG0007314"
"1490","N0.HOG0007547"
"1491","N0.HOG0010724"
"1492","N0.HOG0015671"
"1493","N0.HOG0010750"
"1494","N0.HOG0010454"
"1495","N0.HOG0001118"
"1496","N0.HOG0010415"
"1497","N0.HOG0015733"
"1498","N0.HOG0001508"
"1499","N0.HOG0007749"
"1500","N0.HOG0007532"
"1501","N0.HOG0002212"
"1502","N0.HOG0010530"
"1503","N0.HOG0002646"
"1504","N0.HOG0002270"
"1505","N0.HOG0000390"
"1506","N0.HOG0015619"
"1507","N0.HOG0002247"
"1508","N0.HOG0010794"
"1509","N0.HOG0003137"
"1510","N0.HOG0019043"
"1511","N0.HOG0007698"
"1512","N0.HOG0006068"
"1513","N0.HOG0015532"
"1514","N0.HOG0010623"
"1515","N0.HOG0006036"
"1516","N0.HOG0007652"
"1517","N0.HOG0000360"
"1518","N0.HOG0010917"
"1519","N0.HOG0006108"
"1520","N0.HOG0005165"
"1521","N0.HOG0007478"
"1522","N0.HOG0019035"
"1523","N0.HOG0007419"
"1524","N0.HOG0015722"
"1525","N0.HOG0010604"
"1526","N0.HOG0015533"
"1527","N0.HOG0002241"
"1528","N0.HOG0004386"
"1529","N0.HOG0019089"
"1530","N0.HOG0018966"
"1531","N0.HOG0007433"
"1532","N0.HOG0010861"
"1533","N0.HOG0006093"
"1534","N0.HOG0007659"
"1535","N0.HOG0010797"
"1536","N0.HOG0007495"
"1537","N0.HOG0010503"
"1538","N0.HOG0007551"
"1539","N0.HOG0007657"
"1540","N0.HOG0010867"
"1541","N0.HOG0007695"
"1542","N0.HOG0010744"
"1543","N0.HOG0010713"
"1544","N0.HOG0002671"
"1545","N0.HOG0001373"
"1546","N0.HOG0019025"
"1547","N0.HOG0010444"
"1548","N0.HOG0015499"
"1549","N0.HOG0001026"
"1550","N0.HOG0007553"
"1551","N0.HOG0010464"
"1552","N0.HOG0003138"
"1553","N0.HOG0010918"
"1554","N0.HOG0006040"
"1555","N0.HOG0007431"
"1556","N0.HOG0007742"
"1557","N0.HOG0007494"
"1558","N0.HOG0001256"
"1559","N0.HOG0007671"
"1560","N0.HOG0010679"
"1561","N0.HOG0015515"
"1562","N0.HOG0004331"
"1563","N0.HOG0006127"
"1564","N0.HOG0005138"
"1565","N0.HOG0000505"
"1566","N0.HOG0005952"
"1567","N0.HOG0010980"
"1568","N0.HOG0006089"
"1569","N0.HOG0007506"
"1570","N0.HOG0005100"
"1571","N0.HOG0010469"
"1572","N0.HOG0005990"
"1573","N0.HOG0010754"
"1574","N0.HOG0010554"
"1575","N0.HOG0000031"
"1576","N0.HOG0004397"
"1577","N0.HOG0010510"
"1578","N0.HOG0005999"
"1579","N0.HOG0010850"
"1580","N0.HOG0010349"
"1581","N0.HOG0005948"
"1582","N0.HOG0010574"
"1583","N0.HOG0010783"
"1584","N0.HOG0010577"
"1585","N0.HOG0010563"
"1586","N0.HOG0006011"
"1587","N0.HOG0003145"
"1588","N0.HOG0010572"
"1589","N0.HOG0007761"
"1590","N0.HOG0002669"
"1591","N0.HOG0019092"
"1592","N0.HOG0010505"
"1593","N0.HOG0002663"
"1594","N0.HOG0015805"
"1595","N0.HOG0001894"
"1596","N0.HOG0006084"
"1597","N0.HOG0001249"
"1598","N0.HOG0010737"
"1599","N0.HOG0010634"
"1600","N0.HOG0004402"
"1601","N0.HOG0007545"
"1602","N0.HOG0007448"
"1603","N0.HOG0005130"
"1604","N0.HOG0007374"
"1605","N0.HOG0007474"
"1606","N0.HOG0001668"
"1607","N0.HOG0006050"
"1608","N0.HOG0000590"
"1609","N0.HOG0011027"
"1610","N0.HOG0019118"
"1611","N0.HOG0011031"
"1612","N0.HOG0004392"
"1613","N0.HOG0007615"
"1614","N0.HOG0003169"
"1615","N0.HOG0007487"
"1616","N0.HOG0007435"
"1617","N0.HOG0007626"
"1618","N0.HOG0003127"
"1619","N0.HOG0005114"
"1620","N0.HOG0007703"
"1621","N0.HOG0007707"
"1622","N0.HOG0018979"
"1623","N0.HOG0005122"
"1624","N0.HOG0007728"
"1625","N0.HOG0010924"
"1626","N0.HOG0004401"
"1627","N0.HOG0019117"
"1628","N0.HOG0011023"
"1629","N0.HOG0002633"
"1630","N0.HOG0007573"
"1631","N0.HOG0007418"
"1632","N0.HOG0007533"
"1633","N0.HOG0006024"
"1634","N0.HOG0015696"
"1635","N0.HOG0007426"
"1636","N0.HOG0019060"
"1637","N0.HOG0015543"
"1638","N0.HOG0007570"
"1639","N0.HOG0015635"
"1640","N0.HOG0003691"
"1641","N0.HOG0019093"
"1642","N0.HOG0002258"
"1643","N0.HOG0019077"
"1644","N0.HOG0005076"
"1645","N0.HOG0007534"
"1646","N0.HOG0010835"
"1647","N0.HOG0010686"
"1648","N0.HOG0010899"
"1649","N0.HOG0010592"
"1650","N0.HOG0010802"
"1651","N0.HOG0007632"
"1652","N0.HOG0001905"
"1653","N0.HOG0015662"
"1654","N0.HOG0019062"
"1655","N0.HOG0018991"
"1656","N0.HOG0007588"
"1657","N0.HOG0007413"
"1658","N0.HOG0003698"
"1659","N0.HOG0010662"
"1660","N0.HOG0006010"
"1661","N0.HOG0010814"
"1662","N0.HOG0003694"
"1663","N0.HOG0007718"
"1664","N0.HOG0015550"
"1665","N0.HOG0007552"
"1666","N0.HOG0007598"
"1667","N0.HOG0005113"
"1668","N0.HOG0001244"
"1669","N0.HOG0019008"
"1670","N0.HOG0003727"
"1671","N0.HOG0003750"
"1672","N0.HOG0015736"
"1673","N0.HOG0005142"
"1674","N0.HOG0007403"
"1675","N0.HOG0004346"
"1676","N0.HOG0015628"
"1677","N0.HOG0005118"
"1678","N0.HOG0018955"
"1679","N0.HOG0002664"
"1680","N0.HOG0007739"
"1681","N0.HOG0010872"
"1682","N0.HOG0010518"
"1683","N0.HOG0015471"
"1684","N0.HOG0005123"
"1685","N0.HOG0005092"
"1686","N0.HOG0007460"
"1687","N0.HOG0006071"
"1688","N0.HOG0002641"
"1689","N0.HOG0010442"
"1690","N0.HOG0010400"
"1691","N0.HOG0010621"
"1692","N0.HOG0001900"
"1693","N0.HOG0005086"
"1694","N0.HOG0007421"
"1695","N0.HOG0004369"
"1696","N0.HOG0015568"
"1697","N0.HOG0003754"
"1698","N0.HOG0000582"
"1699","N0.HOG0000673"
"1700","N0.HOG0010626"
"1701","N0.HOG0001242"
"1702","N0.HOG0015530"
"1703","N0.HOG0003729"
"1704","N0.HOG0006046"
"1705","N0.HOG0015594"
"1706","N0.HOG0000391"
"1707","N0.HOG0019098"
"1708","N0.HOG0007694"
"1709","N0.HOG0007485"
"1710","N0.HOG0010443"
"1711","N0.HOG0001688"
"1712","N0.HOG0010579"
"1713","N0.HOG0010964"
"1714","N0.HOG0000219"
"1715","N0.HOG0010828"
"1716","N0.HOG0005108"
"1717","N0.HOG0006072"
"1718","N0.HOG0007721"
"1719","N0.HOG0010479"
"1720","N0.HOG0007376"
"1721","N0.HOG0007396"
"1722","N0.HOG0001681"
"1723","N0.HOG0003836"
"1724","N0.HOG0013013"
"1725","N0.HOG0007675"
"1726","N0.HOG0019752"
"1727","N0.HOG0006686"
"1728","N0.HOG0013010"
"1729","N0.HOG0016982"
"1730","N0.HOG0016965"
"1731","N0.HOG0016988"
"1732","N0.HOG0003271"
"1733","N0.HOG0005161"
"1734","N0.HOG0001272"
"1735","N0.HOG0015570"
"1736","N0.HOG0013035"
"1737","N0.HOG0007398"
"1738","N0.HOG0013083"
"1739","N0.HOG0006693"
"1740","N0.HOG0004501"
"1741","N0.HOG0007994"
"1742","N0.HOG0013101"
"1743","N0.HOG0000396"
"1744","N0.HOG0010949"
"1745","N0.HOG0013021"
"1746","N0.HOG0019811"
"1747","N0.HOG0000868"
"1748","N0.HOG0005497"
"1749","N0.HOG0003478"
"1750","N0.HOG0015795"
"1751","N0.HOG0013085"
"1752","N0.HOG0001075"
"1753","N0.HOG0003485"
"1754","N0.HOG0013099"
"1755","N0.HOG0019789"
"1756","N0.HOG0010905"
"1757","N0.HOG0005499"
"1758","N0.HOG0013067"
"1759","N0.HOG0007424"
"1760","N0.HOG0019804"
"1761","N0.HOG0002595"
"1762","N0.HOG0006673"
"1763","N0.HOG0005500"
"1764","N0.HOG0010866"
"1765","N0.HOG0017048"
"1766","N0.HOG0017003"
"1767","N0.HOG0016954"
"1768","N0.HOG0021815"
"1769","N0.HOG0003260"
"1770","N0.HOG0016975"
"1771","N0.HOG0021817"
"1772","N0.HOG0019788"
"1773","N0.HOG0013094"
"1774","N0.HOG0016939"
"1775","N0.HOG0011565"
"1776","N0.HOG0017050"
"1777","N0.HOG0017057"
"1778","N0.HOG0008966"
"1779","N0.HOG0006218"
"1780","N0.HOG0010333"
"1781","N0.HOG0015432"
"1782","N0.HOG0008965"
"1783","N0.HOG0002080"
"1784","N0.HOG0004380"
"1785","N0.HOG0005495"
"1786","N0.HOG0006297"
"1787","N0.HOG0006696"
"1788","N0.HOG0010487"
"1789","N0.HOG0008937"
"1790","N0.HOG0003710"
"1791","N0.HOG0006672"
"1792","N0.HOG0002713"
"1793","N0.HOG0017033"
"1794","N0.HOG0016984"
"1795","N0.HOG0013051"
"1796","N0.HOG0010953"
"1797","N0.HOG0008940"
"1798","N0.HOG0006676"
"1799","N0.HOG0010575"
"1800","N0.HOG0006685"
"1801","N0.HOG0008949"
"1802","N0.HOG0006698"
"1803","N0.HOG0013062"
"1804","N0.HOG0007498"
"1805","N0.HOG0019112"
"1806","N0.HOG0016957"
"1807","N0.HOG0019768"
"1808","N0.HOG0001549"
"1809","N0.HOG0017058"
"1810","N0.HOG0016983"
"1811","N0.HOG0019805"
"1812","N0.HOG0005129"
"1813","N0.HOG0013037"
"1814","N0.HOG0004719"
"1815","N0.HOG0005216"
"1816","N0.HOG0008933"
"1817","N0.HOG0002315"
"1818","N0.HOG0004460"
"1819","N0.HOG0021803"
"1820","N0.HOG0006701"
"1821","N0.HOG0016968"
"1822","N0.HOG0010603"
"1823","N0.HOG0017034"
"1824","N0.HOG0007544"
"1825","N0.HOG0002724"
"1826","N0.HOG0010406"
"1827","N0.HOG0013074"
"1828","N0.HOG0019755"
"1829","N0.HOG0011611"
"1830","N0.HOG0019770"
"1831","N0.HOG0003851"
"1832","N0.HOG0013086"
"1833","N0.HOG0015590"
"1834","N0.HOG0008908"
"1835","N0.HOG0004037"
"1836","N0.HOG0004347"
"1837","N0.HOG0017006"
"1838","N0.HOG0013048"
"1839","N0.HOG0008927"
"1840","N0.HOG0004718"
"1841","N0.HOG0013088"
"1842","N0.HOG0008923"
"1843","N0.HOG0008915"
"1844","N0.HOG0005995"
"1845","N0.HOG0008911"
"1846","N0.HOG0008947"
"1847","N0.HOG0013055"
"1848","N0.HOG0004726"
"1849","N0.HOG0013098"
"1850","N0.HOG0018541"
"1851","N0.HOG0004240"
"1852","N0.HOG0005366"
"1853","N0.HOG0016398"
"1854","N0.HOG0006435"
"1855","N0.HOG0001970"
"1856","N0.HOG0011888"
"1857","N0.HOG0019432"
"1858","N0.HOG0012168"
"1859","N0.HOG0006460"
"1860","N0.HOG0011704"
"1861","N0.HOG0012154"
"1862","N0.HOG0012163"
"1863","N0.HOG0019379"
"1864","N0.HOG0003887"
"1865","N0.HOG0008312"
"1866","N0.HOG0003362"
"1867","N0.HOG0016387"
"1868","N0.HOG0008328"
"1869","N0.HOG0008188"
"1870","N0.HOG0011935"
"1871","N0.HOG0008210"
"1872","N0.HOG0016464"
"1873","N0.HOG0011886"
"1874","N0.HOG0011917"
"1875","N0.HOG0018559"
"1876","N0.HOG0004836"
"1877","N0.HOG0006387"
"1878","N0.HOG0012155"
"1879","N0.HOG0004557"
"1880","N0.HOG0012122"
"1881","N0.HOG0011687"
"1882","N0.HOG0004552"
"1883","N0.HOG0005297"
"1884","N0.HOG0003891"
"1885","N0.HOG0011932"
"1886","N0.HOG0012107"
"1887","N0.HOG0008273"
"1888","N0.HOG0000018"
"1889","N0.HOG0008136"
"1890","N0.HOG0011961"
"1891","N0.HOG0001251"
"1892","N0.HOG0004503"
"1893","N0.HOG0004554"
"1894","N0.HOG0008416"
"1895","N0.HOG0007781"
"1896","N0.HOG0016261"
"1897","N0.HOG0003326"
"1898","N0.HOG0018455"
"1899","N0.HOG0008347"
"1900","N0.HOG0012149"
"1901","N0.HOG0008179"
"1902","N0.HOG0003916"
"1903","N0.HOG0011713"
"1904","N0.HOG0006443"
"1905","N0.HOG0011944"
"1906","N0.HOG0011759"
"1907","N0.HOG0003370"
"1908","N0.HOG0004619"
"1909","N0.HOG0016290"
"1910","N0.HOG0008394"
"1911","N0.HOG0001327"
"1912","N0.HOG0019450"
"1913","N0.HOG0008290"
"1914","N0.HOG0008195"
"1915","N0.HOG0003314"
"1916","N0.HOG0018553"
"1917","N0.HOG0019460"
"1918","N0.HOG0019385"
"1919","N0.HOG0015160"
"1920","N0.HOG0001285"
"1921","N0.HOG0016377"
"1922","N0.HOG0002760"
"1923","N0.HOG0006335"
"1924","N0.HOG0011973"
"1925","N0.HOG0011955"
"1926","N0.HOG0010118"
"1927","N0.HOG0010127"
"1928","N0.HOG0020691"
"1929","N0.HOG0011766"
"1930","N0.HOG0002994"
"1931","N0.HOG0016361"
"1932","N0.HOG0012157"
"1933","N0.HOG0016295"
"1934","N0.HOG0003870"
"1935","N0.HOG0020271"
"1936","N0.HOG0011880"
"1937","N0.HOG0000636"
"1938","N0.HOG0002014"
"1939","N0.HOG0012003"
"1940","N0.HOG0016264"
"1941","N0.HOG0011815"
"1942","N0.HOG0003882"
"1943","N0.HOG0002563"
"1944","N0.HOG0008181"
"1945","N0.HOG0019473"
"1946","N0.HOG0011953"
"1947","N0.HOG0011837"
"1948","N0.HOG0006349"
"1949","N0.HOG0015213"
"1950","N0.HOG0011934"
"1951","N0.HOG0001135"
"1952","N0.HOG0005308"
"1953","N0.HOG0016274"
"1954","N0.HOG0018475"
"1955","N0.HOG0011892"
"1956","N0.HOG0018503"
"1957","N0.HOG0012073"
"1958","N0.HOG0008227"
"1959","N0.HOG0008278"
"1960","N0.HOG0003903"
"1961","N0.HOG0011838"
"1962","N0.HOG0008369"
"1963","N0.HOG0016241"
"1964","N0.HOG0011962"
"1965","N0.HOG0015094"
"1966","N0.HOG0010054"
"1967","N0.HOG0000880"
"1968","N0.HOG0015035"
"1969","N0.HOG0018477"
"1970","N0.HOG0015158"
"1971","N0.HOG0004137"
"1972","N0.HOG0009996"
"1973","N0.HOG0001322"
"1974","N0.HOG0010053"
"1975","N0.HOG0010074"
"1976","N0.HOG0010063"
"1977","N0.HOG0008074"
"1978","N0.HOG0000315"
"1979","N0.HOG0002975"
"1980","N0.HOG0015104"
"1981","N0.HOG0000989"
"1982","N0.HOG0003522"
"1983","N0.HOG0004094"
"1984","N0.HOG0003527"
"1985","N0.HOG0015025"
"1986","N0.HOG0003821"
"1987","N0.HOG0000185"
"1988","N0.HOG0015101"
"1989","N0.HOG0020669"
"1990","N0.HOG0006277"
"1991","N0.HOG0022345"
"1992","N0.HOG0018343"
"1993","N0.HOG0000208"
"1994","N0.HOG0018388"
"1995","N0.HOG0010093"
"1996","N0.HOG0014958"
"1997","N0.HOG0018552"
"1998","N0.HOG0000412"
"1999","N0.HOG0000710"
"2000","N0.HOG0006434"
"2001","N0.HOG0011857"
"2002","N0.HOG0018476"
"2003","N0.HOG0014920"
"2004","N0.HOG0009991"
"2005","N0.HOG0006890"
"2006","N0.HOG0014853"
"2007","N0.HOG0018226"
"2008","N0.HOG0005818"
"2009","N0.HOG0014966"
"2010","N0.HOG0020596"
"2011","N0.HOG0022331"
"2012","N0.HOG0014941"
"2013","N0.HOG0018384"
"2014","N0.HOG0015078"
"2015","N0.HOG0012997"
"2016","N0.HOG0013829"
"2017","N0.HOG0006703"
"2018","N0.HOG0020106"
"2019","N0.HOG0007341"
"2020","N0.HOG0015455"
"2021","N0.HOG0015105"
"2022","N0.HOG0010090"
"2023","N0.HOG0014932"
"2024","N0.HOG0000891"
"2025","N0.HOG0020585"
"2026","N0.HOG0007145"
"2027","N0.HOG0014241"
"2028","N0.HOG0015172"
"2029","N0.HOG0010076"
"2030","N0.HOG0020643"
"2031","N0.HOG0015161"
"2032","N0.HOG0000587"
"2033","N0.HOG0018471"
"2034","N0.HOG0015137"
"2035","N0.HOG0015139"
"2036","N0.HOG0004141"
"2037","N0.HOG0010110"
"2038","N0.HOG0015055"
"2039","N0.HOG0018549"
"2040","N0.HOG0014973"
"2041","N0.HOG0015041"
"2042","N0.HOG0018515"
"2043","N0.HOG0015143"
"2044","N0.HOG0010103"
"2045","N0.HOG0007078"
"2046","N0.HOG0003120"
"2047","N0.HOG0010104"
"2048","N0.HOG0010105"
"2049","N0.HOG0020689"
"2050","N0.HOG0004714"
"2051","N0.HOG0015068"
"2052","N0.HOG0010015"
"2053","N0.HOG0007150"
"2054","N0.HOG0010014"
"2055","N0.HOG0007127"
"2056","N0.HOG0010089"
"2057","N0.HOG0018390"
"2058","N0.HOG0010017"
"2059","N0.HOG0004237"
"2060","N0.HOG0014794"
"2061","N0.HOG0018348"
"2062","N0.HOG0010086"
"2063","N0.HOG0004229"
"2064","N0.HOG0005796"
"2065","N0.HOG0007313"
"2066","N0.HOG0018377"
"2067","N0.HOG0018498"
"2068","N0.HOG0014981"
"2069","N0.HOG0018518"
"2070","N0.HOG0000912"
"2071","N0.HOG0015047"
"2072","N0.HOG0000627"
"2073","N0.HOG0020679"
"2074","N0.HOG0001853"
"2075","N0.HOG0009640"
"2076","N0.HOG0015176"
"2077","N0.HOG0010071"
"2078","N0.HOG0018546"
"2079","N0.HOG0004198"
"2080","N0.HOG0009995"
"2081","N0.HOG0014969"
"2082","N0.HOG0007073"
"2083","N0.HOG0010026"
"2084","N0.HOG0010049"
"2085","N0.HOG0012986"
"2086","N0.HOG0001059"
"2087","N0.HOG0010082"
"2088","N0.HOG0010031"
"2089","N0.HOG0002143"
"2090","N0.HOG0001844"
"2091","N0.HOG0014988"
"2092","N0.HOG0007138"
"2093","N0.HOG0015033"
"2094","N0.HOG0011560"
"2095","N0.HOG0008978"
"2096","N0.HOG0001184"
"2097","N0.HOG0008132"
"2098","N0.HOG0008071"
"2099","N0.HOG0005812"
"2100","N0.HOG0007121"
"2101","N0.HOG0004165"
"2102","N0.HOG0015115"
"2103","N0.HOG0018339"
"2104","N0.HOG0015084"
"2105","N0.HOG0008964"
"2106","N0.HOG0010003"
"2107","N0.HOG0014975"
"2108","N0.HOG0002133"
"2109","N0.HOG0014986"
"2110","N0.HOG0009994"
"2111","N0.HOG0010068"
"2112","N0.HOG0003047"
"2113","N0.HOG0007120"
"2114","N0.HOG0004185"
"2115","N0.HOG0001613"
"2116","N0.HOG0006393"
"2117","N0.HOG0015079"
"2118","N0.HOG0005817"
"2119","N0.HOG0015075"
"2120","N0.HOG0000131"
"2121","N0.HOG0018462"
"2122","N0.HOG0015114"
"2123","N0.HOG0015189"
"2124","N0.HOG0014938"
"2125","N0.HOG0010094"
"2126","N0.HOG0001626"
"2127","N0.HOG0018320"
"2128","N0.HOG0014994"
"2129","N0.HOG0003361"
"2130","N0.HOG0018491"
"2131","N0.HOG0009989"
"2132","N0.HOG0001605"
"2133","N0.HOG0014999"
"2134","N0.HOG0002541"
"2135","N0.HOG0010065"
"2136","N0.HOG0015002"
"2137","N0.HOG0015006"
"2138","N0.HOG0015012"
"2139","N0.HOG0015022"
"2140","N0.HOG0015073"
"2141","N0.HOG0004239"
"2142","N0.HOG0007119"
"2143","N0.HOG0003606"
"2144","N0.HOG0010007"
"2145","N0.HOG0010067"
"2146","N0.HOG0010045"
"2147","N0.HOG0015005"
"2148","N0.HOG0010016"
"2149","N0.HOG0002999"
"2150","N0.HOG0018542"
"2151","N0.HOG0001656"
"2152","N0.HOG0015057"
"2153","N0.HOG0004829"
"2154","N0.HOG0015090"
"2155","N0.HOG0018459"
"2156","N0.HOG0008103"
"2157","N0.HOG0015058"
"2158","N0.HOG0009848"
"2159","N0.HOG0000513"
"2160","N0.HOG0005820"
"2161","N0.HOG0015003"
"2162","N0.HOG0014931"
"2163","N0.HOG0003027"
"2164","N0.HOG0018467"
"2165","N0.HOG0014950"
"2166","N0.HOG0015108"
"2167","N0.HOG0020560"
"2168","N0.HOG0006377"
"2169","N0.HOG0011897"
"2170","N0.HOG0019459"
"2171","N0.HOG0008161"
"2172","N0.HOG0001253"
"2173","N0.HOG0006451"
"2174","N0.HOG0010128"
"2175","N0.HOG0012016"
"2176","N0.HOG0008340"
"2177","N0.HOG0006361"
"2178","N0.HOG0008366"
"2179","N0.HOG0004623"
"2180","N0.HOG0012008"
"2181","N0.HOG0016236"
"2182","N0.HOG0011882"
"2183","N0.HOG0008409"
"2184","N0.HOG0008243"
"2185","N0.HOG0003310"
"2186","N0.HOG0002001"
"2187","N0.HOG0008281"
"2188","N0.HOG0006341"
"2189","N0.HOG0008389"
"2190","N0.HOG0000812"
"2191","N0.HOG0003357"
"2192","N0.HOG0008220"
"2193","N0.HOG0005320"
"2194","N0.HOG0003926"
"2195","N0.HOG0016297"
"2196","N0.HOG0008219"
"2197","N0.HOG0016368"
"2198","N0.HOG0006399"
"2199","N0.HOG0011818"
"2200","N0.HOG0012117"
"2201","N0.HOG0003894"
"2202","N0.HOG0012055"
"2203","N0.HOG0008266"
"2204","N0.HOG0008415"
"2205","N0.HOG0011714"
"2206","N0.HOG0003919"
"2207","N0.HOG0002371"
"2208","N0.HOG0008337"
"2209","N0.HOG0005313"
"2210","N0.HOG0011964"
"2211","N0.HOG0001763"
"2212","N0.HOG0019456"
"2213","N0.HOG0006191"
"2214","N0.HOG0016350"
"2215","N0.HOG0004424"
"2216","N0.HOG0006453"
"2217","N0.HOG0012039"
"2218","N0.HOG0003885"
"2219","N0.HOG0000890"
"2220","N0.HOG0008316"
"2221","N0.HOG0002392"
"2222","N0.HOG0011045"
"2223","N0.HOG0012012"
"2224","N0.HOG0012042"
"2225","N0.HOG0008329"
"2226","N0.HOG0008235"
"2227","N0.HOG0019440"
"2228","N0.HOG0012051"
"2229","N0.HOG0013844"
"2230","N0.HOG0006461"
"2231","N0.HOG0008212"
"2232","N0.HOG0015205"
"2233","N0.HOG0002367"
"2234","N0.HOG0001557"
"2235","N0.HOG0008305"
"2236","N0.HOG0008157"
"2237","N0.HOG0003306"
"2238","N0.HOG0011749"
"2239","N0.HOG0003544"
"2240","N0.HOG0016320"
"2241","N0.HOG0004565"
"2242","N0.HOG0018564"
"2243","N0.HOG0001291"
"2244","N0.HOG0003371"
"2245","N0.HOG0008187"
"2246","N0.HOG0003343"
"2247","N0.HOG0011996"
"2248","N0.HOG0008402"
"2249","N0.HOG0005371"
"2250","N0.HOG0001041"
"2251","N0.HOG0000887"
"2252","N0.HOG0012171"
"2253","N0.HOG0006415"
"2254","N0.HOG0011771"
"2255","N0.HOG0013001"
"2256","N0.HOG0016324"
"2257","N0.HOG0003871"
"2258","N0.HOG0004821"
"2259","N0.HOG0002378"
"2260","N0.HOG0000520"
"2261","N0.HOG0000871"
"2262","N0.HOG0005833"
"2263","N0.HOG0016391"
"2264","N0.HOG0011693"
"2265","N0.HOG0011740"
"2266","N0.HOG0006360"
"2267","N0.HOG0008059"
"2268","N0.HOG0001286"
"2269","N0.HOG0016367"
"2270","N0.HOG0015181"
"2271","N0.HOG0003893"
"2272","N0.HOG0002379"
"2273","N0.HOG0011893"
"2274","N0.HOG0012136"
"2275","N0.HOG0000649"
"2276","N0.HOG0008344"
"2277","N0.HOG0016311"
"2278","N0.HOG0015197"
"2279","N0.HOG0011716"
"2280","N0.HOG0012056"
"2281","N0.HOG0019482"
"2282","N0.HOG0008256"
"2283","N0.HOG0012022"
"2284","N0.HOG0004560"
"2285","N0.HOG0015209"
"2286","N0.HOG0010124"
"2287","N0.HOG0018536"
"2288","N0.HOG0020665"
"2289","N0.HOG0016360"
"2290","N0.HOG0016410"
"2291","N0.HOG0012060"
"2292","N0.HOG0011914"
"2293","N0.HOG0011819"
"2294","N0.HOG0008141"
"2295","N0.HOG0004600"
"2296","N0.HOG0008169"
"2297","N0.HOG0002812"
"2298","N0.HOG0020658"
"2299","N0.HOG0011823"
"2300","N0.HOG0012090"
"2301","N0.HOG0011696"
"2302","N0.HOG0011787"
"2303","N0.HOG0003831"
"2304","N0.HOG0011799"
"2305","N0.HOG0008163"
"2306","N0.HOG0011877"
"2307","N0.HOG0016372"
"2308","N0.HOG0019381"
"2309","N0.HOG0008191"
"2310","N0.HOG0018537"
"2311","N0.HOG0004555"
"2312","N0.HOG0008331"
"2313","N0.HOG0001526"
"2314","N0.HOG0010123"
"2315","N0.HOG0003866"
"2316","N0.HOG0004860"
"2317","N0.HOG0016246"
"2318","N0.HOG0012162"
"2319","N0.HOG0002769"
"2320","N0.HOG0002400"
"2321","N0.HOG0008268"
"2322","N0.HOG0003932"
"2323","N0.HOG0011995"
"2324","N0.HOG0018469"
"2325","N0.HOG0015145"
"2326","N0.HOG0018474"
"2327","N0.HOG0007167"
"2328","N0.HOG0020661"
"2329","N0.HOG0016306"
"2330","N0.HOG0006430"
"2331","N0.HOG0016262"
"2332","N0.HOG0006413"
"2333","N0.HOG0011721"
"2334","N0.HOG0004572"
"2335","N0.HOG0016210"
"2336","N0.HOG0010374"
"2337","N0.HOG0011909"
"2338","N0.HOG0019408"
"2339","N0.HOG0012169"
"2340","N0.HOG0019397"
"2341","N0.HOG0011821"
"2342","N0.HOG0011894"
"2343","N0.HOG0005329"
"2344","N0.HOG0004583"
"2345","N0.HOG0011825"
"2346","N0.HOG0016419"
"2347","N0.HOG0006960"
"2348","N0.HOG0012100"
"2349","N0.HOG0012125"
"2350","N0.HOG0011933"
"2351","N0.HOG0002358"
"2352","N0.HOG0001759"
"2353","N0.HOG0011972"
"2354","N0.HOG0016411"
"2355","N0.HOG0004614"
"2356","N0.HOG0006429"
"2357","N0.HOG0016448"
"2358","N0.HOG0005322"
"2359","N0.HOG0003558"
"2360","N0.HOG0004578"
"2361","N0.HOG0011682"
"2362","N0.HOG0002386"
"2363","N0.HOG0008271"
"2364","N0.HOG0020115"
"2365","N0.HOG0011941"
"2366","N0.HOG0001146"
"2367","N0.HOG0012133"
"2368","N0.HOG0015186"
"2369","N0.HOG0003547"
"2370","N0.HOG0008321"
"2371","N0.HOG0015204"
"2372","N0.HOG0011947"
"2373","N0.HOG0011856"
"2374","N0.HOG0008371"
"2375","N0.HOG0016341"
"2376","N0.HOG0007847"
"2377","N0.HOG0008336"
"2378","N0.HOG0020157"
"2379","N0.HOG0011691"
"2380","N0.HOG0012027"
"2381","N0.HOG0011862"
"2382","N0.HOG0006436"
"2383","N0.HOG0004590"
"2384","N0.HOG0003892"
"2385","N0.HOG0011921"
"2386","N0.HOG0008160"
"2387","N0.HOG0016255"
"2388","N0.HOG0008322"
"2389","N0.HOG0001051"
"2390","N0.HOG0018473"
"2391","N0.HOG0011883"
"2392","N0.HOG0016427"
"2393","N0.HOG0008288"
"2394","N0.HOG0016322"
"2395","N0.HOG0003927"
"2396","N0.HOG0011688"
"2397","N0.HOG0008341"
"2398","N0.HOG0012144"
"2399","N0.HOG0011949"
"2400","N0.HOG0008300"
"2401","N0.HOG0008149"
"2402","N0.HOG0016287"
"2403","N0.HOG0003808"
"2404","N0.HOG0016344"
"2405","N0.HOG0016270"
"2406","N0.HOG0011959"
"2407","N0.HOG0016355"
"2408","N0.HOG0006842"
"2409","N0.HOG0008359"
"2410","N0.HOG0005324"
"2411","N0.HOG0008407"
"2412","N0.HOG0016455"
"2413","N0.HOG0012160"
"2414","N0.HOG0008897"
"2415","N0.HOG0015117"
"2416","N0.HOG0020623"
"2417","N0.HOG0005364"
"2418","N0.HOG0008353"
"2419","N0.HOG0016420"
"2420","N0.HOG0016278"
"2421","N0.HOG0016403"
"2422","N0.HOG0020663"
"2423","N0.HOG0018517"
"2424","N0.HOG0018512"
"2425","N0.HOG0016329"
"2426","N0.HOG0005335"
"2427","N0.HOG0015191"
"2428","N0.HOG0009645"
"2429","N0.HOG0018494"
"2430","N0.HOG0015122"
"2431","N0.HOG0018497"
"2432","N0.HOG0016238"
"2433","N0.HOG0002820"
"2434","N0.HOG0000964"
"2435","N0.HOG0021564"
"2436","N0.HOG0016413"
"2437","N0.HOG0012167"
"2438","N0.HOG0011937"
"2439","N0.HOG0016342"
"2440","N0.HOG0019394"
"2441","N0.HOG0002808"
"2442","N0.HOG0006194"
"2443","N0.HOG0007353"
"2444","N0.HOG0005342"
"2445","N0.HOG0019448"
"2446","N0.HOG0019500"
"2447","N0.HOG0004548"
"2448","N0.HOG0003895"
"2449","N0.HOG0002009"
"2450","N0.HOG0011813"
"2451","N0.HOG0003330"
"2452","N0.HOG0002838"
"2453","N0.HOG0002806"
"2454","N0.HOG0000456"
"2455","N0.HOG0003327"
"2456","N0.HOG0016461"
"2457","N0.HOG0010328"
"2458","N0.HOG0011732"
"2459","N0.HOG0011907"
"2460","N0.HOG0003906"
"2461","N0.HOG0019380"
"2462","N0.HOG0016453"
"2463","N0.HOG0003929"
"2464","N0.HOG0012005"
"2465","N0.HOG0008250"
"2466","N0.HOG0001765"
"2467","N0.HOG0005318"
"2468","N0.HOG0011764"
"2469","N0.HOG0019370"
"2470","N0.HOG0016292"
"2471","N0.HOG0016385"
"2472","N0.HOG0016460"
"2473","N0.HOG0016216"
"2474","N0.HOG0011768"
"2475","N0.HOG0019466"
"2476","N0.HOG0016402"
"2477","N0.HOG0016386"
"2478","N0.HOG0016392"
"2479","N0.HOG0005296"
"2480","N0.HOG0016277"
"2481","N0.HOG0011951"
"2482","N0.HOG0008215"
"2483","N0.HOG0019498"
"2484","N0.HOG0011860"
"2485","N0.HOG0011884"
"2486","N0.HOG0005344"
"2487","N0.HOG0011743"
"2488","N0.HOG0005304"
"2489","N0.HOG0016244"
"2490","N0.HOG0016247"
"2491","N0.HOG0011954"
"2492","N0.HOG0016239"
"2493","N0.HOG0005351"
"2494","N0.HOG0008378"
"2495","N0.HOG0011807"
"2496","N0.HOG0000306"
"2497","N0.HOG0003896"
"2498","N0.HOG0011782"
"2499","N0.HOG0012153"
"2500","N0.HOG0002297"
"2501","N0.HOG0002686"
"2502","N0.HOG0009187"
"2503","N0.HOG0000591"
"2504","N0.HOG0005192"
"2505","N0.HOG0002746"
"2506","N0.HOG0005204"
"2507","N0.HOG0002692"
"2508","N0.HOG0002685"
"2509","N0.HOG0006180"
"2510","N0.HOG0007797"
"2511","N0.HOG0001587"
"2512","N0.HOG0009190"
"2513","N0.HOG0007810"
"2514","N0.HOG0002693"
"2515","N0.HOG0001714"
"2516","N0.HOG0006141"
"2517","N0.HOG0013397"
"2518","N0.HOG0004067"
"2519","N0.HOG0004459"
"2520","N0.HOG0007861"
"2521","N0.HOG0006146"
"2522","N0.HOG0005568"
"2523","N0.HOG0007784"
"2524","N0.HOG0001139"
"2525","N0.HOG0006195"
"2526","N0.HOG0015931"
"2527","N0.HOG0015888"
"2528","N0.HOG0000244"
"2529","N0.HOG0006179"
"2530","N0.HOG0011075"
"2531","N0.HOG0011101"
"2532","N0.HOG0006175"
"2533","N0.HOG0015872"
"2534","N0.HOG0003231"
"2535","N0.HOG0003768"
"2536","N0.HOG0011102"
"2537","N0.HOG0011181"
"2538","N0.HOG0000178"
"2539","N0.HOG0000961"
"2540","N0.HOG0001924"
"2541","N0.HOG0007858"
"2542","N0.HOG0011092"
"2543","N0.HOG0007857"
"2544","N0.HOG0007818"
"2545","N0.HOG0007829"
"2546","N0.HOG0007809"
"2547","N0.HOG0007840"
"2548","N0.HOG0007860"
"2549","N0.HOG0001125"
"2550","N0.HOG0011174"
"2551","N0.HOG0011133"
"2552","N0.HOG0015849"
"2553","N0.HOG0017313"
"2554","N0.HOG0017286"
"2555","N0.HOG0015873"
"2556","N0.HOG0015884"
"2557","N0.HOG0006143"
"2558","N0.HOG0001258"
"2559","N0.HOG0011119"
"2560","N0.HOG0011149"
"2561","N0.HOG0005191"
"2562","N0.HOG0006199"
"2563","N0.HOG0007819"
"2564","N0.HOG0019157"
"2565","N0.HOG0017310"
"2566","N0.HOG0011073"
"2567","N0.HOG0004083"
"2568","N0.HOG0006786"
"2569","N0.HOG0007803"
"2570","N0.HOG0007808"
"2571","N0.HOG0011182"
"2572","N0.HOG0011147"
"2573","N0.HOG0011152"
"2574","N0.HOG0015461"
"2575","N0.HOG0011155"
"2576","N0.HOG0000959"
"2577","N0.HOG0015846"
"2578","N0.HOG0001390"
"2579","N0.HOG0005186"
"2580","N0.HOG0001931"
"2581","N0.HOG0002223"
"2582","N0.HOG0004420"
"2583","N0.HOG0011179"
"2584","N0.HOG0003677"
"2585","N0.HOG0011178"
"2586","N0.HOG0011083"
"2587","N0.HOG0015918"
"2588","N0.HOG0019128"
"2589","N0.HOG0004455"
"2590","N0.HOG0006185"
"2591","N0.HOG0015848"
"2592","N0.HOG0011127"
"2593","N0.HOG0007822"
"2594","N0.HOG0011054"
"2595","N0.HOG0007875"
"2596","N0.HOG0005194"
"2597","N0.HOG0005188"
"2598","N0.HOG0004445"
"2599","N0.HOG0000879"
"2600","N0.HOG0019171"
"2601","N0.HOG0019126"
"2602","N0.HOG0021357"
"2603","N0.HOG0011140"
"2604","N0.HOG0000462"
"2605","N0.HOG0007842"
"2606","N0.HOG0010370"
"2607","N0.HOG0009330"
"2608","N0.HOG0017449"
"2609","N0.HOG0017459"
"2610","N0.HOG0005623"
"2611","N0.HOG0009203"
"2612","N0.HOG0013786"
"2613","N0.HOG0002101"
"2614","N0.HOG0013808"
"2615","N0.HOG0013664"
"2616","N0.HOG0017395"
"2617","N0.HOG0013452"
"2618","N0.HOG0017328"
"2619","N0.HOG0009239"
"2620","N0.HOG0009401"
"2621","N0.HOG0013478"
"2622","N0.HOG0009321"
"2623","N0.HOG0013690"
"2624","N0.HOG0013750"
"2625","N0.HOG0017376"
"2626","N0.HOG0013656"
"2627","N0.HOG0001594"
"2628","N0.HOG0004112"
"2629","N0.HOG0001966"
"2630","N0.HOG0013791"
"2631","N0.HOG0009236"
"2632","N0.HOG0017387"
"2633","N0.HOG0013698"
"2634","N0.HOG0013687"
"2635","N0.HOG0013471"
"2636","N0.HOG0013748"
"2637","N0.HOG0002497"
"2638","N0.HOG0013556"
"2639","N0.HOG0007795"
"2640","N0.HOG0020023"
"2641","N0.HOG0013790"
"2642","N0.HOG0009212"
"2643","N0.HOG0017457"
"2644","N0.HOG0005573"
"2645","N0.HOG0013692"
"2646","N0.HOG0009279"
"2647","N0.HOG0013759"
"2648","N0.HOG0009362"
"2649","N0.HOG0009250"
"2650","N0.HOG0001057"
"2651","N0.HOG0013797"
"2652","N0.HOG0020027"
"2653","N0.HOG0017467"
"2654","N0.HOG0005615"
"2655","N0.HOG0002107"
"2656","N0.HOG0017503"
"2657","N0.HOG0009431"
"2658","N0.HOG0009263"
"2659","N0.HOG0002368"
"2660","N0.HOG0013654"
"2661","N0.HOG0013726"
"2662","N0.HOG0000858"
"2663","N0.HOG0000221"
"2664","N0.HOG0009223"
"2665","N0.HOG0001054"
"2666","N0.HOG0005588"
"2667","N0.HOG0001822"
"2668","N0.HOG0017495"
"2669","N0.HOG0004585"
"2670","N0.HOG0002493"
"2671","N0.HOG0001828"
"2672","N0.HOG0009396"
"2673","N0.HOG0006856"
"2674","N0.HOG0020014"
"2675","N0.HOG0005625"
"2676","N0.HOG0020025"
"2677","N0.HOG0005593"
"2678","N0.HOG0002612"
"2679","N0.HOG0002799"
"2680","N0.HOG0020048"
"2681","N0.HOG0011044"
"2682","N0.HOG0020004"
"2683","N0.HOG0013563"
"2684","N0.HOG0013453"
"2685","N0.HOG0013806"
"2686","N0.HOG0002966"
"2687","N0.HOG0009323"
"2688","N0.HOG0013651"
"2689","N0.HOG0013481"
"2690","N0.HOG0013745"
"2691","N0.HOG0002384"
"2692","N0.HOG0013725"
"2693","N0.HOG0009245"
"2694","N0.HOG0013776"
"2695","N0.HOG0009421"
"2696","N0.HOG0002967"
"2697","N0.HOG0002372"
"2698","N0.HOG0013764"
"2699","N0.HOG0004110"
"2700","N0.HOG0013684"
"2701","N0.HOG0006846"
"2702","N0.HOG0017335"
"2703","N0.HOG0013787"
"2704","N0.HOG0013700"
"2705","N0.HOG0013491"
"2706","N0.HOG0013604"
"2707","N0.HOG0001747"
"2708","N0.HOG0009332"
"2709","N0.HOG0009394"
"2710","N0.HOG0017408"
"2711","N0.HOG0009404"
"2712","N0.HOG0001998"
"2713","N0.HOG0017469"
"2714","N0.HOG0005611"
"2715","N0.HOG0006802"
"2716","N0.HOG0009294"
"2717","N0.HOG0009301"
"2718","N0.HOG0013768"
"2719","N0.HOG0009400"
"2720","N0.HOG0009369"
"2721","N0.HOG0004800"
"2722","N0.HOG0008930"
"2723","N0.HOG0004097"
"2724","N0.HOG0003307"
"2725","N0.HOG0006868"
"2726","N0.HOG0013470"
"2727","N0.HOG0002366"
"2728","N0.HOG0009171"
"2729","N0.HOG0009363"
"2730","N0.HOG0009382"
"2731","N0.HOG0002006"
"2732","N0.HOG0009222"
"2733","N0.HOG0005585"
"2734","N0.HOG0013585"
"2735","N0.HOG0017434"
"2736","N0.HOG0000916"
"2737","N0.HOG0009414"
"2738","N0.HOG0009300"
"2739","N0.HOG0004814"
"2740","N0.HOG0000030"
"2741","N0.HOG0013761"
"2742","N0.HOG0017509"
"2743","N0.HOG0000145"
"2744","N0.HOG0013482"
"2745","N0.HOG0013724"
"2746","N0.HOG0009229"
"2747","N0.HOG0013440"
"2748","N0.HOG0003344"
"2749","N0.HOG0009284"
"2750","N0.HOG0009253"
"2751","N0.HOG0006804"
"2752","N0.HOG0004809"
"2753","N0.HOG0005594"
"2754","N0.HOG0017465"
"2755","N0.HOG0020054"
"2756","N0.HOG0006840"
"2757","N0.HOG0009224"
"2758","N0.HOG0009309"
"2759","N0.HOG0013774"
"2760","N0.HOG0000517"
"2761","N0.HOG0000518"
"2762","N0.HOG0020018"
"2763","N0.HOG0013799"
"2764","N0.HOG0013530"
"2765","N0.HOG0009326"
"2766","N0.HOG0013480"
"2767","N0.HOG0017466"
"2768","N0.HOG0006861"
"2769","N0.HOG0009432"
"2770","N0.HOG0020021"
"2771","N0.HOG0002103"
"2772","N0.HOG0017430"
"2773","N0.HOG0002811"
"2774","N0.HOG0006273"
"2775","N0.HOG0009434"
"2776","N0.HOG0005607"
"2777","N0.HOG0002502"
"2778","N0.HOG0013441"
"2779","N0.HOG0004109"
"2780","N0.HOG0013667"
"2781","N0.HOG0013813"
"2782","N0.HOG0013541"
"2783","N0.HOG0013438"
"2784","N0.HOG0009285"
"2785","N0.HOG0013711"
"2786","N0.HOG0002376"
"2787","N0.HOG0013794"
"2788","N0.HOG0013483"
"2789","N0.HOG0006851"
"2790","N0.HOG0013460"
"2791","N0.HOG0005574"
"2792","N0.HOG0017352"
"2793","N0.HOG0002787"
"2794","N0.HOG0009307"
"2795","N0.HOG0001979"
"2796","N0.HOG0003309"
"2797","N0.HOG0013613"
"2798","N0.HOG0002365"
"2799","N0.HOG0017367"
"2800","N0.HOG0017461"
"2801","N0.HOG0009334"
"2802","N0.HOG0001766"
"2803","N0.HOG0013678"
"2804","N0.HOG0007900"
"2805","N0.HOG0009214"
"2806","N0.HOG0020015"
"2807","N0.HOG0009422"
"2808","N0.HOG0004116"
"2809","N0.HOG0013716"
"2810","N0.HOG0017479"
"2811","N0.HOG0020100"
"2812","N0.HOG0013413"
"2813","N0.HOG0020001"
"2814","N0.HOG0013644"
"2815","N0.HOG0009429"
"2816","N0.HOG0017384"
"2817","N0.HOG0001318"
"2818","N0.HOG0009324"
"2819","N0.HOG0001823"
"2820","N0.HOG0017448"
"2821","N0.HOG0009371"
"2822","N0.HOG0004799"
"2823","N0.HOG0017428"
"2824","N0.HOG0005622"
"2825","N0.HOG0017481"
"2826","N0.HOG0008130"
"2827","N0.HOG0006274"
"2828","N0.HOG0009210"
"2829","N0.HOG0006819"
"2830","N0.HOG0009439"
"2831","N0.HOG0004819"
"2832","N0.HOG0004074"
"2833","N0.HOG0013624"
"2834","N0.HOG0009386"
"2835","N0.HOG0003533"
"2836","N0.HOG0013699"
"2837","N0.HOG0009196"
"2838","N0.HOG0020005"
"2839","N0.HOG0013677"
"2840","N0.HOG0009322"
"2841","N0.HOG0006871"
"2842","N0.HOG0006828"
"2843","N0.HOG0013650"
"2844","N0.HOG0017515"
"2845","N0.HOG0017413"
"2846","N0.HOG0000049"
"2847","N0.HOG0017485"
"2848","N0.HOG0013710"
"2849","N0.HOG0003545"
"2850","N0.HOG0020087"
"2851","N0.HOG0020095"
"2852","N0.HOG0013444"
"2853","N0.HOG0020022"
"2854","N0.HOG0017427"
"2855","N0.HOG0006879"
"2856","N0.HOG0013469"
"2857","N0.HOG0009409"
"2858","N0.HOG0017454"
"2859","N0.HOG0013553"
"2860","N0.HOG0013685"
"2861","N0.HOG0008091"
"2862","N0.HOG0009228"
"2863","N0.HOG0013574"
"2864","N0.HOG0009417"
"2865","N0.HOG0013635"
"2866","N0.HOG0009367"
"2867","N0.HOG0004107"
"2868","N0.HOG0020066"
"2869","N0.HOG0013578"
"2870","N0.HOG0000411"
"2871","N0.HOG0004099"
"2872","N0.HOG0004826"
"2873","N0.HOG0009302"
"2874","N0.HOG0000573"
"2875","N0.HOG0013490"
"2876","N0.HOG0006835"
"2877","N0.HOG0020039"
"2878","N0.HOG0013467"
"2879","N0.HOG0013659"
"2880","N0.HOG0017359"
"2881","N0.HOG0009205"
"2882","N0.HOG0006837"
"2883","N0.HOG0005487"
"2884","N0.HOG0007338"
"2885","N0.HOG0013552"
"2886","N0.HOG0013580"
"2887","N0.HOG0000588"
"2888","N0.HOG0005601"
"2889","N0.HOG0007381"
"2890","N0.HOG0013499"
"2891","N0.HOG0009336"
"2892","N0.HOG0009961"
"2893","N0.HOG0014836"
"2894","N0.HOG0014824"
"2895","N0.HOG0020485"
"2896","N0.HOG0018223"
"2897","N0.HOG0009273"
"2898","N0.HOG0005765"
"2899","N0.HOG0018217"
"2900","N0.HOG0009423"
"2901","N0.HOG0014844"
"2902","N0.HOG0018164"
"2903","N0.HOG0018220"
"2904","N0.HOG0009949"
"2905","N0.HOG0018202"
"2906","N0.HOG0000837"
"2907","N0.HOG0017437"
"2908","N0.HOG0018181"
"2909","N0.HOG0013689"
"2910","N0.HOG0009944"
"2911","N0.HOG0005776"
"2912","N0.HOG0018208"
"2913","N0.HOG0000809"
"2914","N0.HOG0013738"
"2915","N0.HOG0005773"
"2916","N0.HOG0018214"
"2917","N0.HOG0002363"
"2918","N0.HOG0005769"
"2919","N0.HOG0005546"
"2920","N0.HOG0018187"
"2921","N0.HOG0014834"
"2922","N0.HOG0002491"
"2923","N0.HOG0000473"
"2924","N0.HOG0020483"
"2925","N0.HOG0001577"
"2926","N0.HOG0009960"
"2927","N0.HOG0014843"
"2928","N0.HOG0006920"
"2929","N0.HOG0001082"
"2930","N0.HOG0014821"
"2931","N0.HOG0009957"
"2932","N0.HOG0009405"
"2933","N0.HOG0013495"
"2934","N0.HOG0014814"
"2935","N0.HOG0018186"
"2936","N0.HOG0002553"
"2937","N0.HOG0018198"
"2938","N0.HOG0007099"
"2939","N0.HOG0014812"
"2940","N0.HOG0002551"
"2941","N0.HOG0004830"
"2942","N0.HOG0020453"
"2943","N0.HOG0014815"
"2944","N0.HOG0018191"
"2945","N0.HOG0007098"
"2946","N0.HOG0004513"
"2947","N0.HOG0018203"
"2948","N0.HOG0020478"
"2949","N0.HOG0009392"
"2950","N0.HOG0013796"
"2951","N0.HOG0013676"
"2952","N0.HOG0003038"
"2953","N0.HOG0001960"
"2954","N0.HOG0013846"
"2955","N0.HOG0013845"
"2956","N0.HOG0018342"
"2957","N0.HOG0001213"
"2958","N0.HOG0008082"
"2959","N0.HOG0013219"
"2960","N0.HOG0014924"
"2961","N0.HOG0015016"
"2962","N0.HOG0002552"
"2963","N0.HOG0018332"
"2964","N0.HOG0004763"
"2965","N0.HOG0018381"
"2966","N0.HOG0018408"
"2967","N0.HOG0003045"
"2968","N0.HOG0003024"
"2969","N0.HOG0004167"
"2970","N0.HOG0011658"
"2971","N0.HOG0008973"
"2972","N0.HOG0013109"
"2973","N0.HOG0018387"
"2974","N0.HOG0005543"
"2975","N0.HOG0015061"
"2976","N0.HOG0001433"
"2977","N0.HOG0007772"
"2978","N0.HOG0015050"
"2979","N0.HOG0015098"
"2980","N0.HOG0007128"
"2981","N0.HOG0003575"
"2982","N0.HOG0010084"
"2983","N0.HOG0014954"
"2984","N0.HOG0009160"
"2985","N0.HOG0005526"
"2986","N0.HOG0005521"
"2987","N0.HOG0003510"
"2988","N0.HOG0004762"
"2989","N0.HOG0009084"
"2990","N0.HOG0000694"
"2991","N0.HOG0013235"
"2992","N0.HOG0009137"
"2993","N0.HOG0006766"
"2994","N0.HOG0009065"
"2995","N0.HOG0005553"
"2996","N0.HOG0005555"
"2997","N0.HOG0004070"
"2998","N0.HOG0017226"
"2999","N0.HOG0009076"
"3000","N0.HOG0009132"
"3001","N0.HOG0013341"
"3002","N0.HOG0012580"
"3003","N0.HOG0003502"
"3004","N0.HOG0006774"
"3005","N0.HOG0003789"
"3006","N0.HOG0013270"
"3007","N0.HOG0009152"
"3008","N0.HOG0009028"
"3009","N0.HOG0009115"
"3010","N0.HOG0006532"
"3011","N0.HOG0009155"
"3012","N0.HOG0005534"
"3013","N0.HOG0003505"
"3014","N0.HOG0009040"
"3015","N0.HOG0009148"
"3016","N0.HOG0005262"
"3017","N0.HOG0002954"
"3018","N0.HOG0005524"
"3019","N0.HOG0013325"
"3020","N0.HOG0000857"
"3021","N0.HOG0009098"
"3022","N0.HOG0006777"
"3023","N0.HOG0000637"
"3024","N0.HOG0004054"
"3025","N0.HOG0017209"
"3026","N0.HOG0002093"
"3027","N0.HOG0013277"
"3028","N0.HOG0004514"
"3029","N0.HOG0002091"
"3030","N0.HOG0013351"
"3031","N0.HOG0013319"
"3032","N0.HOG0017197"
"3033","N0.HOG0013273"
"3034","N0.HOG0001126"
"3035","N0.HOG0003226"
"3036","N0.HOG0013304"
"3037","N0.HOG0004783"
"3038","N0.HOG0006770"
"3039","N0.HOG0001313"
"3040","N0.HOG0013320"
"3041","N0.HOG0009073"
"3042","N0.HOG0009156"
"3043","N0.HOG0017259"
"3044","N0.HOG0009044"
"3045","N0.HOG0013239"
"3046","N0.HOG0009162"
"3047","N0.HOG0013281"
"3048","N0.HOG0006779"
"3049","N0.HOG0013295"
"3050","N0.HOG0009054"
"3051","N0.HOG0002303"
"3052","N0.HOG0009108"
"3053","N0.HOG0013254"
"3054","N0.HOG0017208"
"3055","N0.HOG0013232"
"3056","N0.HOG0009109"
"3057","N0.HOG0009139"
"3058","N0.HOG0017186"
"3059","N0.HOG0013284"
"3060","N0.HOG0013260"
"3061","N0.HOG0013236"
"3062","N0.HOG0002945"
"3063","N0.HOG0006761"
"3064","N0.HOG0005545"
"3065","N0.HOG0013333"
"3066","N0.HOG0013237"
"3067","N0.HOG0013288"
"3068","N0.HOG0013349"
"3069","N0.HOG0009167"
"3070","N0.HOG0002863"
"3071","N0.HOG0013334"
"3072","N0.HOG0009101"
"3073","N0.HOG0002874"
"3074","N0.HOG0001589"
"3075","N0.HOG0017264"
"3076","N0.HOG0002919"
"3077","N0.HOG0002070"
"3078","N0.HOG0009053"
"3079","N0.HOG0005522"
"3080","N0.HOG0006540"
"3081","N0.HOG0008111"
"3082","N0.HOG0002414"
"3083","N0.HOG0004064"
"3084","N0.HOG0021908"
"3085","N0.HOG0001786"
"3086","N0.HOG0013354"
"3087","N0.HOG0017219"
"3088","N0.HOG0009087"
"3089","N0.HOG0013359"
"3090","N0.HOG0009117"
"3091","N0.HOG0017198"
"3092","N0.HOG0002431"
"3093","N0.HOG0009032"
"3094","N0.HOG0002444"
"3095","N0.HOG0009036"
"3096","N0.HOG0005532"
"3097","N0.HOG0002450"
"3098","N0.HOG0004078"
"3099","N0.HOG0003992"
"3100","N0.HOG0009454"
"3101","N0.HOG0009464"
"3102","N0.HOG0004834"
"3103","N0.HOG0009042"
"3104","N0.HOG0004133"
"3105","N0.HOG0008084"
"3106","N0.HOG0009159"
"3107","N0.HOG0007339"
"3108","N0.HOG0003771"
"3109","N0.HOG0017253"
"3110","N0.HOG0002305"
"3111","N0.HOG0006903"
"3112","N0.HOG0017601"
"3113","N0.HOG0013869"
"3114","N0.HOG0017593"
"3115","N0.HOG0017598"
"3116","N0.HOG0013882"
"3117","N0.HOG0020131"
"3118","N0.HOG0017590"
"3119","N0.HOG0005644"
"3120","N0.HOG0020143"
"3121","N0.HOG0000241"
"3122","N0.HOG0017595"
"3123","N0.HOG0017589"
"3124","N0.HOG0013894"
"3125","N0.HOG0000994"
"3126","N0.HOG0013884"
"3127","N0.HOG0005632"
"3128","N0.HOG0022006"
"3129","N0.HOG0005648"
"3130","N0.HOG0013880"
"3131","N0.HOG0009461"
"3132","N0.HOG0000445"
"3133","N0.HOG0017602"
"3134","N0.HOG0005638"
"3135","N0.HOG0002751"
"3136","N0.HOG0009163"
"3137","N0.HOG0005640"
"3138","N0.HOG0003555"
"3139","N0.HOG0009472"
"3140","N0.HOG0003964"
"3141","N0.HOG0006896"
"3142","N0.HOG0016949"
"3143","N0.HOG0008972"
"3144","N0.HOG0022002"
"3145","N0.HOG0011593"
"3146","N0.HOG0002312"
"3147","N0.HOG0011362"
"3148","N0.HOG0011622"
"3149","N0.HOG0003283"
"3150","N0.HOG0003285"
"3151","N0.HOG0002326"
"3152","N0.HOG0005249"
"3153","N0.HOG0002723"
"3154","N0.HOG0005273"
"3155","N0.HOG0006309"
"3156","N0.HOG0015942"
"3157","N0.HOG0011545"
"3158","N0.HOG0008109"
"3159","N0.HOG0011583"
"3160","N0.HOG0016164"
"3161","N0.HOG0006314"
"3162","N0.HOG0006231"
"3163","N0.HOG0011447"
"3164","N0.HOG0011219"
"3165","N0.HOG0011512"
"3166","N0.HOG0006248"
"3167","N0.HOG0011636"
"3168","N0.HOG0006234"
"3169","N0.HOG0008038"
"3170","N0.HOG0006259"
"3171","N0.HOG0004462"
"3172","N0.HOG0011373"
"3173","N0.HOG0016181"
"3174","N0.HOG0006288"
"3175","N0.HOG0008002"
"3176","N0.HOG0006229"
"3177","N0.HOG0019314"
"3178","N0.HOG0016068"
"3179","N0.HOG0016192"
"3180","N0.HOG0008068"
"3181","N0.HOG0002596"
"3182","N0.HOG0011408"
"3183","N0.HOG0016123"
"3184","N0.HOG0019191"
"3185","N0.HOG0016058"
"3186","N0.HOG0007947"
"3187","N0.HOG0016120"
"3188","N0.HOG0005233"
"3189","N0.HOG0007920"
"3190","N0.HOG0008058"
"3191","N0.HOG0016118"
"3192","N0.HOG0015951"
"3193","N0.HOG0016050"
"3194","N0.HOG0007948"
"3195","N0.HOG0011427"
"3196","N0.HOG0011508"
"3197","N0.HOG0016064"
"3198","N0.HOG0005225"
"3199","N0.HOG0001954"
"3200","N0.HOG0006285"
"3201","N0.HOG0005252"
"3202","N0.HOG0007909"
"3203","N0.HOG0007924"
"3204","N0.HOG0011392"
"3205","N0.HOG0011263"
"3206","N0.HOG0015978"
"3207","N0.HOG0000361"
"3208","N0.HOG0021505"
"3209","N0.HOG0011525"
"3210","N0.HOG0016170"
"3211","N0.HOG0004465"
"3212","N0.HOG0011475"
"3213","N0.HOG0007952"
"3214","N0.HOG0011474"
"3215","N0.HOG0019249"
"3216","N0.HOG0011448"
"3217","N0.HOG0011371"
"3218","N0.HOG0011359"
"3219","N0.HOG0011300"
"3220","N0.HOG0007400"
"3221","N0.HOG0011214"
"3222","N0.HOG0015993"
"3223","N0.HOG0016185"
"3224","N0.HOG0016184"
"3225","N0.HOG0011443"
"3226","N0.HOG0007954"
"3227","N0.HOG0004528"
"3228","N0.HOG0007979"
"3229","N0.HOG0008008"
"3230","N0.HOG0002317"
"3231","N0.HOG0003156"
"3232","N0.HOG0003801"
"3233","N0.HOG0016106"
"3234","N0.HOG0008052"
"3235","N0.HOG0011210"
"3236","N0.HOG0021520"
"3237","N0.HOG0005119"
"3238","N0.HOG0011319"
"3239","N0.HOG0016153"
"3240","N0.HOG0016179"
"3241","N0.HOG0016078"
"3242","N0.HOG0011355"
"3243","N0.HOG0011454"
"3244","N0.HOG0011463"
"3245","N0.HOG0007896"
"3246","N0.HOG0006300"
"3247","N0.HOG0004495"
"3248","N0.HOG0007895"
"3249","N0.HOG0011534"
"3250","N0.HOG0011303"
"3251","N0.HOG0007990"
"3252","N0.HOG0000545"
"3253","N0.HOG0011541"
"3254","N0.HOG0011287"
"3255","N0.HOG0001665"
"3256","N0.HOG0008056"
"3257","N0.HOG0011461"
"3258","N0.HOG0003852"
"3259","N0.HOG0007902"
"3260","N0.HOG0011429"
"3261","N0.HOG0005258"
"3262","N0.HOG0019237"
"3263","N0.HOG0005257"
"3264","N0.HOG0011367"
"3265","N0.HOG0011631"
"3266","N0.HOG0003168"
"3267","N0.HOG0002620"
"3268","N0.HOG0004328"
"3269","N0.HOG0007992"
"3270","N0.HOG0006283"
"3271","N0.HOG0002677"
"3272","N0.HOG0007916"
"3273","N0.HOG0005261"
"3274","N0.HOG0011395"
"3275","N0.HOG0007956"
"3276","N0.HOG0016173"
"3277","N0.HOG0015436"
"3278","N0.HOG0011390"
"3279","N0.HOG0011472"
"3280","N0.HOG0000729"
"3281","N0.HOG0000339"
"3282","N0.HOG0019261"
"3283","N0.HOG0007901"
"3284","N0.HOG0011416"
"3285","N0.HOG0006256"
"3286","N0.HOG0011358"
"3287","N0.HOG0003828"
"3288","N0.HOG0002316"
"3289","N0.HOG0011338"
"3290","N0.HOG0002245"
"3291","N0.HOG0011540"
"3292","N0.HOG0004463"
"3293","N0.HOG0001895"
"3294","N0.HOG0007893"
"3295","N0.HOG0016035"
"3296","N0.HOG0016024"
"3297","N0.HOG0016032"
"3298","N0.HOG0007997"
"3299","N0.HOG0001277"
"3300","N0.HOG0006243"
"3301","N0.HOG0015938"
"3302","N0.HOG0006209"
"3303","N0.HOG0004474"
"3304","N0.HOG0002734"
"3305","N0.HOG0005215"
"3306","N0.HOG0002319"
"3307","N0.HOG0011346"
"3308","N0.HOG0007921"
"3309","N0.HOG0008104"
"3310","N0.HOG0008016"
"3311","N0.HOG0004471"
"3312","N0.HOG0006287"
"3313","N0.HOG0002271"
"3314","N0.HOG0002647"
"3315","N0.HOG0003817"
"3316","N0.HOG0008017"
"3317","N0.HOG0008063"
"3318","N0.HOG0005226"
"3319","N0.HOG0004337"
"3320","N0.HOG0008022"
"3321","N0.HOG0002231"
"3322","N0.HOG0019193"
"3323","N0.HOG0011623"
"3324","N0.HOG0007963"
"3325","N0.HOG0005223"
"3326","N0.HOG0011380"
"3327","N0.HOG0011549"
"3328","N0.HOG0007950"
"3329","N0.HOG0003177"
"3330","N0.HOG0005275"
"3331","N0.HOG0019291"
"3332","N0.HOG0005088"
"3333","N0.HOG0007913"
"3334","N0.HOG0008026"
"3335","N0.HOG0016166"
"3336","N0.HOG0002240"
"3337","N0.HOG0011295"
"3338","N0.HOG0016131"
"3339","N0.HOG0016126"
"3340","N0.HOG0011477"
"3341","N0.HOG0011425"
"3342","N0.HOG0015945"
"3343","N0.HOG0004496"
"3344","N0.HOG0019219"
"3345","N0.HOG0011647"
"3346","N0.HOG0016041"
"3347","N0.HOG0019196"
"3348","N0.HOG0011323"
"3349","N0.HOG0006322"
"3350","N0.HOG0003823"
"3351","N0.HOG0007930"
"3352","N0.HOG0003809"
"3353","N0.HOG0011317"
"3354","N0.HOG0016122"
"3355","N0.HOG0001683"
"3356","N0.HOG0011320"
"3357","N0.HOG0004494"
"3358","N0.HOG0007937"
"3359","N0.HOG0011409"
"3360","N0.HOG0011258"
"3361","N0.HOG0007933"
"3362","N0.HOG0004316"
"3363","N0.HOG0011363"
"3364","N0.HOG0011272"
"3365","N0.HOG0011369"
"3366","N0.HOG0011459"
"3367","N0.HOG0007993"
"3368","N0.HOG0011486"
"3369","N0.HOG0006244"
"3370","N0.HOG0011527"
"3371","N0.HOG0011537"
"3372","N0.HOG0004515"
"3373","N0.HOG0016175"
"3374","N0.HOG0011470"
"3375","N0.HOG0016075"
"3376","N0.HOG0011487"
"3377","N0.HOG0008088"
"3378","N0.HOG0011495"
"3379","N0.HOG0001730"
"3380","N0.HOG0007955"
"3381","N0.HOG0011630"
"3382","N0.HOG0007307"
"3383","N0.HOG0001701"
"3384","N0.HOG0011618"
"3385","N0.HOG0015956"
"3386","N0.HOG0011230"
"3387","N0.HOG0000799"
"3388","N0.HOG0003674"
"3389","N0.HOG0005212"
"3390","N0.HOG0002229"
"3391","N0.HOG0011321"
"3392","N0.HOG0011314"
"3393","N0.HOG0008006"
"3394","N0.HOG0003259"
"3395","N0.HOG0007967"
"3396","N0.HOG0006240"
"3397","N0.HOG0011302"
"3398","N0.HOG0005949"
"3399","N0.HOG0002193"
"3400","N0.HOG0005947"
"3401","N0.HOG0010340"
"3402","N0.HOG0010342"
"3403","N0.HOG0003824"
"3404","N0.HOG0019247"
"3405","N0.HOG0000549"
"3406","N0.HOG0015946"
"3407","N0.HOG0000064"
"3408","N0.HOG0002712"
"3409","N0.HOG0007944"
"3410","N0.HOG0006226"
"3411","N0.HOG0008044"
"3412","N0.HOG0010321"
"3413","N0.HOG0015838"
"3414","N0.HOG0008069"
"3415","N0.HOG0007886"
"3416","N0.HOG0016034"
"3417","N0.HOG0021468"
"3418","N0.HOG0011455"
"3419","N0.HOG0016053"
"3420","N0.HOG0003258"
"3421","N0.HOG0007969"
"3422","N0.HOG0000251"
"3423","N0.HOG0015958"
"3424","N0.HOG0011241"
"3425","N0.HOG0015987"
"3426","N0.HOG0002725"
"3427","N0.HOG0004504"
"3428","N0.HOG0019250"
"3429","N0.HOG0019264"
"3430","N0.HOG0007975"
"3431","N0.HOG0004379"
"3432","N0.HOG0019253"
"3433","N0.HOG0016045"
"3434","N0.HOG0015980"
"3435","N0.HOG0016057"
"3436","N0.HOG0008050"
"3437","N0.HOG0003696"
"3438","N0.HOG0015992"
"3439","N0.HOG0016029"
"3440","N0.HOG0011202"
"3441","N0.HOG0001133"
"3442","N0.HOG0011468"
"3443","N0.HOG0019229"
"3444","N0.HOG0006223"
"3445","N0.HOG0011521"
"3446","N0.HOG0011262"
"3447","N0.HOG0001247"
"3448","N0.HOG0000718"
"3449","N0.HOG0011290"
"3450","N0.HOG0019269"
"3451","N0.HOG0019276"
"3452","N0.HOG0011473"
"3453","N0.HOG0013367"
"3454","N0.HOG0018105"
"3455","N0.HOG0013402"
"3456","N0.HOG0002550"
"3457","N0.HOG0006796"
"3458","N0.HOG0006975"
"3459","N0.HOG0013860"
"3460","N0.HOG0014110"
"3461","N0.HOG0013988"
"3462","N0.HOG0013995"
"3463","N0.HOG0005697"
"3464","N0.HOG0009528"
"3465","N0.HOG0004139"
"3466","N0.HOG0009514"
"3467","N0.HOG0002289"
"3468","N0.HOG0014134"
"3469","N0.HOG0002498"
"3470","N0.HOG0014098"
"3471","N0.HOG0018097"
"3472","N0.HOG0004845"
"3473","N0.HOG0014231"
"3474","N0.HOG0009561"
"3475","N0.HOG0006965"
"3476","N0.HOG0009621"
"3477","N0.HOG0014179"
"3478","N0.HOG0009626"
"3479","N0.HOG0006968"
"3480","N0.HOG0020223"
"3481","N0.HOG0018100"
"3482","N0.HOG0005680"
"3483","N0.HOG0005662"
"3484","N0.HOG0009577"
"3485","N0.HOG0009518"
"3486","N0.HOG0004876"
"3487","N0.HOG0009569"
"3488","N0.HOG0004866"
"3489","N0.HOG0001428"
"3490","N0.HOG0006948"
"3491","N0.HOG0013914"
"3492","N0.HOG0004934"
"3493","N0.HOG0002003"
"3494","N0.HOG0014083"
"3495","N0.HOG0014207"
"3496","N0.HOG0017620"
"3497","N0.HOG0014034"
"3498","N0.HOG0018094"
"3499","N0.HOG0017688"
"3500","N0.HOG0002821"
"3501","N0.HOG0017639"
"3502","N0.HOG0002800"
"3503","N0.HOG0002343"
"3504","N0.HOG0004848"
"3505","N0.HOG0011557"
"3506","N0.HOG0005694"
"3507","N0.HOG0003333"
"3508","N0.HOG0017677"
"3509","N0.HOG0014068"
"3510","N0.HOG0013111"
"3511","N0.HOG0018127"
"3512","N0.HOG0002075"
"3513","N0.HOG0013955"
"3514","N0.HOG0002773"
"3515","N0.HOG0013945"
"3516","N0.HOG0014198"
"3517","N0.HOG0001983"
"3518","N0.HOG0017624"
"3519","N0.HOG0014196"
"3520","N0.HOG0014029"
"3521","N0.HOG0009530"
"3522","N0.HOG0020439"
"3523","N0.HOG0002120"
"3524","N0.HOG0001975"
"3525","N0.HOG0002402"
"3526","N0.HOG0009587"
"3527","N0.HOG0014052"
"3528","N0.HOG0020443"
"3529","N0.HOG0014011"
"3530","N0.HOG0018118"
"3531","N0.HOG0014096"
"3532","N0.HOG0017651"
"3533","N0.HOG0014119"
"3534","N0.HOG0009544"
"3535","N0.HOG0002114"
"3536","N0.HOG0009574"
"3537","N0.HOG0002357"
"3538","N0.HOG0014003"
"3539","N0.HOG0004145"
"3540","N0.HOG0013965"
"3541","N0.HOG0006914"
"3542","N0.HOG0005664"
"3543","N0.HOG0005698"
"3544","N0.HOG0013997"
"3545","N0.HOG0003513"
"3546","N0.HOG0018093"
"3547","N0.HOG0009609"
"3548","N0.HOG0003865"
"3549","N0.HOG0014217"
"3550","N0.HOG0014095"
"3551","N0.HOG0014171"
"3552","N0.HOG0009496"
"3553","N0.HOG0020228"
"3554","N0.HOG0004120"
"3555","N0.HOG0014072"
"3556","N0.HOG0018111"
"3557","N0.HOG0003303"
"3558","N0.HOG0014102"
"3559","N0.HOG0014114"
"3560","N0.HOG0014091"
"3561","N0.HOG0014146"
"3562","N0.HOG0020202"
"3563","N0.HOG0003354"
"3564","N0.HOG0014118"
"3565","N0.HOG0009608"
"3566","N0.HOG0013937"
"3567","N0.HOG0009506"
"3568","N0.HOG0001950"
"3569","N0.HOG0009512"
"3570","N0.HOG0009538"
"3571","N0.HOG0005656"
"3572","N0.HOG0014158"
"3573","N0.HOG0007076"
"3574","N0.HOG0008944"
"3575","N0.HOG0013949"
"3576","N0.HOG0000525"
"3577","N0.HOG0002022"
"3578","N0.HOG0017653"
"3579","N0.HOG0004147"
"3580","N0.HOG0014065"
"3581","N0.HOG0017737"
"3582","N0.HOG0002018"
"3583","N0.HOG0000492"
"3584","N0.HOG0009499"
"3585","N0.HOG0014193"
"3586","N0.HOG0020264"
"3587","N0.HOG0006677"
"3588","N0.HOG0017612"
"3589","N0.HOG0014133"
"3590","N0.HOG0001840"
"3591","N0.HOG0013935"
"3592","N0.HOG0004574"
"3593","N0.HOG0009515"
"3594","N0.HOG0014016"
"3595","N0.HOG0009635"
"3596","N0.HOG0009555"
"3597","N0.HOG0009623"
"3598","N0.HOG0009601"
"3599","N0.HOG0005665"
"3600","N0.HOG0002853"
"3601","N0.HOG0005692"
"3602","N0.HOG0009524"
"3603","N0.HOG0020185"
"3604","N0.HOG0002995"
"3605","N0.HOG0014233"
"3606","N0.HOG0002381"
"3607","N0.HOG0013921"
"3608","N0.HOG0009558"
"3609","N0.HOG0001332"
"3610","N0.HOG0002815"
"3611","N0.HOG0009520"
"3612","N0.HOG0014163"
"3613","N0.HOG0020242"
"3614","N0.HOG0014219"
"3615","N0.HOG0004728"
"3616","N0.HOG0002119"
"3617","N0.HOG0002993"
"3618","N0.HOG0002011"
"3619","N0.HOG0017730"
"3620","N0.HOG0003318"
"3621","N0.HOG0020253"
"3622","N0.HOG0003313"
"3623","N0.HOG0009576"
"3624","N0.HOG0017749"
"3625","N0.HOG0001988"
"3626","N0.HOG0009533"
"3627","N0.HOG0002844"
"3628","N0.HOG0014155"
"3629","N0.HOG0017783"
"3630","N0.HOG0002518"
"3631","N0.HOG0014014"
"3632","N0.HOG0009924"
"3633","N0.HOG0014767"
"3634","N0.HOG0018125"
"3635","N0.HOG0007072"
"3636","N0.HOG0009932"
"3637","N0.HOG0002509"
"3638","N0.HOG0014025"
"3639","N0.HOG0020194"
"3640","N0.HOG0003758"
"3641","N0.HOG0013986"
"3642","N0.HOG0014060"
"3643","N0.HOG0014054"
"3644","N0.HOG0017774"
"3645","N0.HOG0014085"
"3646","N0.HOG0017687"
"3647","N0.HOG0014049"
"3648","N0.HOG0002515"
"3649","N0.HOG0009613"
"3650","N0.HOG0009588"
"3651","N0.HOG0014173"
"3652","N0.HOG0014022"
"3653","N0.HOG0002829"
"3654","N0.HOG0003908"
"3655","N0.HOG0009494"
"3656","N0.HOG0014026"
"3657","N0.HOG0002674"
"3658","N0.HOG0006943"
"3659","N0.HOG0018140"
"3660","N0.HOG0009630"
"3661","N0.HOG0001278"
"3662","N0.HOG0002990"
"3663","N0.HOG0014218"
"3664","N0.HOG0006938"
"3665","N0.HOG0009542"
"3666","N0.HOG0017634"
"3667","N0.HOG0009477"
"3668","N0.HOG0014784"
"3669","N0.HOG0009604"
"3670","N0.HOG0017627"
"3671","N0.HOG0009539"
"3672","N0.HOG0020426"
"3673","N0.HOG0014033"
"3674","N0.HOG0006952"
"3675","N0.HOG0002878"
"3676","N0.HOG0017747"
"3677","N0.HOG0014682"
"3678","N0.HOG0020248"
"3679","N0.HOG0014136"
"3680","N0.HOG0014237"
"3681","N0.HOG0017652"
"3682","N0.HOG0009532"
"3683","N0.HOG0001602"
"3684","N0.HOG0013841"
"3685","N0.HOG0013840"
"3686","N0.HOG0013842"
"3687","N0.HOG0001655"
"3688","N0.HOG0005955"
"3689","N0.HOG0018914"
"3690","N0.HOG0011669"
"3691","N0.HOG0008124"
"3692","N0.HOG0013843"
"3693","N0.HOG0002517"
"3694","N0.HOG0002290"
"3695","N0.HOG0017665"
"3696","N0.HOG0017732"
"3697","N0.HOG0014227"
"3698","N0.HOG0005956"
"3699","N0.HOG0014004"
"3700","N0.HOG0013998"
"3701","N0.HOG0005678"
"3702","N0.HOG0017741"
"3703","N0.HOG0020192"
"3704","N0.HOG0017283"
"3705","N0.HOG0020266"
"3706","N0.HOG0006963"
"3707","N0.HOG0017751"
"3708","N0.HOG0017767"
"3709","N0.HOG0001137"
"3710","N0.HOG0020177"
"3711","N0.HOG0020254"
"3712","N0.HOG0013946"
"3713","N0.HOG0017811"
"3714","N0.HOG0003568"
"3715","N0.HOG0006971"
"3716","N0.HOG0004146"
"3717","N0.HOG0002353"
"3718","N0.HOG0014005"
"3719","N0.HOG0013999"
"3720","N0.HOG0017760"
"3721","N0.HOG0009594"
"3722","N0.HOG0017801"
"3723","N0.HOG0002987"
"3724","N0.HOG0002780"
"3725","N0.HOG0000252"
"3726","N0.HOG0017771"
"3727","N0.HOG0002125"
"3728","N0.HOG0017698"
"3729","N0.HOG0014164"
"3730","N0.HOG0003119"
"3731","N0.HOG0005058"
"3732","N0.HOG0014851"
"3733","N0.HOG0014800"
"3734","N0.HOG0018154"
"3735","N0.HOG0000611"
"3736","N0.HOG0020113"
"3737","N0.HOG0017562"
"3738","N0.HOG0005840"
"3739","N0.HOG0010138"
"3740","N0.HOG0007162"
"3741","N0.HOG0008894"
"3742","N0.HOG0010380"
"3743","N0.HOG0017277"
"3744","N0.HOG0008906"
"3745","N0.HOG0003301"
"3746","N0.HOG0002514"
"3747","N0.HOG0017543"
"3748","N0.HOG0009443"
"3749","N0.HOG0004015"
"3750","N0.HOG0019825"
"3751","N0.HOG0000856"
"3752","N0.HOG0018905"
"3753","N0.HOG0010360"
"3754","N0.HOG0018150"
"3755","N0.HOG0005825"
"3756","N0.HOG0018437"
"3757","N0.HOG0007176"
"3758","N0.HOG0006296"
"3759","N0.HOG0008080"
"3760","N0.HOG0002594"
"3761","N0.HOG0015837"
"3762","N0.HOG0008077"
"3763","N0.HOG0015218"
"3764","N0.HOG0016463"
"3765","N0.HOG0013404"
"3766","N0.HOG0016945"
"3767","N0.HOG0014760"
"3768","N0.HOG0013112"
"3769","N0.HOG0006793"
"3770","N0.HOG0005510"
"3771","N0.HOG0002741"
"3772","N0.HOG0017132"
"3773","N0.HOG0005422"
"3774","N0.HOG0015119"
"3775","N0.HOG0018435"
"3776","N0.HOG0010327"
"3777","N0.HOG0004933"
"3778","N0.HOG0018907"
"3779","N0.HOG0018449"
"3780","N0.HOG0013834"
"3781","N0.HOG0013117"
"3782","N0.HOG0000913"
"3783","N0.HOG0013115"
"3784","N0.HOG0001467"
"3785","N0.HOG0011656"
"3786","N0.HOG0007352"
"3787","N0.HOG0010329"
"3788","N0.HOG0003550"
"3789","N0.HOG0017575"
"3790","N0.HOG0018228"
"3791","N0.HOG0009010"
"3792","N0.HOG0016936"
"3793","N0.HOG0011790"
"3794","N0.HOG0011604"
"3795","N0.HOG0007356"
"3796","N0.HOG0007161"
"3797","N0.HOG0002331"
"3798","N0.HOG0016928"
"3799","N0.HOG0017322"
"3800","N0.HOG0018432"
"3801","N0.HOG0020151"
"3802","N0.HOG0004543"
"3803","N0.HOG0005826"
"3804","N0.HOG0009192"
"3805","N0.HOG0021915"
"3806","N0.HOG0010098"
"3807","N0.HOG0019815"
"3808","N0.HOG0015135"
"3809","N0.HOG0013407"
"3810","N0.HOG0000136"
"3811","N0.HOG0004363"
"3812","N0.HOG0010763"
"3813","N0.HOG0007517"
"3814","N0.HOG0010555"
"3815","N0.HOG0001809"
"3816","N0.HOG0010692"
"3817","N0.HOG0017029"
"3818","N0.HOG0010543"
"3819","N0.HOG0005143"
"3820","N0.HOG0008027"
"3821","N0.HOG0007663"
"3822","N0.HOG0017022"
"3823","N0.HOG0010834"
"3824","N0.HOG0016973"
"3825","N0.HOG0017113"
"3826","N0.HOG0019847"
"3827","N0.HOG0012215"
"3828","N0.HOG0005457"
"3829","N0.HOG0008843"
"3830","N0.HOG0013196"
"3831","N0.HOG0004315"
"3832","N0.HOG0002301"
"3833","N0.HOG0007849"
"3834","N0.HOG0018197"
"3835","N0.HOG0003298"
"3836","N0.HOG0006398"
"3837","N0.HOG0013226"
"3838","N0.HOG0006534"
"3839","N0.HOG0017266"
"3840","N0.HOG0010386"
"3841","N0.HOG0008133"
"3842","N0.HOG0004965"
"3843","N0.HOG0018900"
"3844","N0.HOG0011895"
"3845","N0.HOG0016393"
"3846","N0.HOG0016276"
"3847","N0.HOG0016688"
"3848","N0.HOG0011991"
"3849","N0.HOG0011861"
"3850","N0.HOG0008302"
"3851","N0.HOG0008221"
"3852","N0.HOG0002007"
"3853","N0.HOG0000029"
"3854","N0.HOG0015151"
"3855","N0.HOG0018519"
"3856","N0.HOG0011849"
"3857","N0.HOG0008326"
"3858","N0.HOG0018510"
"3859","N0.HOG0016438"
"3860","N0.HOG0011654"
"3861","N0.HOG0001569"
"3862","N0.HOG0003982"
"3863","N0.HOG0018443"
"3864","N0.HOG0004322"
"3865","N0.HOG0016602"
"3866","N0.HOG0002438"
"3867","N0.HOG0016635"
"3868","N0.HOG0008989"
"3869","N0.HOG0016716"
"3870","N0.HOG0013169"
"3871","N0.HOG0012599"
"3872","N0.HOG0012863"
"3873","N0.HOG0012425"
"3874","N0.HOG0012623"
"3875","N0.HOG0006713"
"3876","N0.HOG0017591"
"3877","N0.HOG0017167"
"3878","N0.HOG0011606"
"3879","N0.HOG0000126"
"3880","N0.HOG0014936"
"3881","N0.HOG0013513"
"3882","N0.HOG0004219"
"3883","N0.HOG0020011"
"3884","N0.HOG0014810"
"3885","N0.HOG0009276"
"3886","N0.HOG0001160"
"3887","N0.HOG0013533"
"3888","N0.HOG0009388"
"3889","N0.HOG0017608"
"3890","N0.HOG0006818"
"3891","N0.HOG0017251"
"3892","N0.HOG0006838"
"3893","N0.HOG0017064"
"3894","N0.HOG0011305"
"3895","N0.HOG0011297"
"3896","N0.HOG0003849"
"3897","N0.HOG0011496"
"3898","N0.HOG0011637"
"3899","N0.HOG0016073"
"3900","N0.HOG0016090"
"3901","N0.HOG0007987"
"3902","N0.HOG0002257"
"3903","N0.HOG0016102"
"3904","N0.HOG0009923"
"3905","N0.HOG0017787"
"3906","N0.HOG0006916"
"3907","N0.HOG0004152"
"3908","N0.HOG0009598"
"3909","N0.HOG0009737"
"3910","N0.HOG0014618"
"3911","N0.HOG0001618"
"3912","N0.HOG0004943"
"3913","N0.HOG0002915"
"3914","N0.HOG0001627"
"3915","N0.HOG0018000"
"3916","N0.HOG0001081"
"3917","N0.HOG0018567"
"3918","N0.HOG0018306"
"3919","N0.HOG0012719"
"3920","N0.HOG0015007"
"3921","N0.HOG0015023"
"3922","N0.HOG0018533"
"3923","N0.HOG0020573"
"3924","N0.HOG0015153"
"3925","N0.HOG0002058"
"3926","N0.HOG0015066"
"3927","N0.HOG0018366"
"3928","N0.HOG0015111"
"3929","N0.HOG0005809"
"3930","N0.HOG0014787"
"3931","N0.HOG0010022"
"3932","N0.HOG0018547"
"3933","N0.HOG0018421"
"3934","N0.HOG0018015"
"3935","N0.HOG0014573"
"3936","N0.HOG0001269"
"3937","N0.HOG0014413"
